-- phpMyAdmin SQL Dump
-- version 5.1.1deb5ubuntu1
-- https://www.phpmyadmin.net/
--
-- Máy chủ: localhost:3306
-- Thời gian đã tạo: Th3 18, 2024 lúc 05:47 AM
-- Phiên bản máy phục vụ: 8.0.36-0ubuntu0.22.04.1
-- Phiên bản PHP: 8.3.3-1+ubuntu22.04.1+deb.sury.org+1

SET SQL_MODE = "NO_AUTO_VALUE_ON_ZERO";
START TRANSACTION;
SET time_zone = "+00:00";


/*!40101 SET @OLD_CHARACTER_SET_CLIENT=@@CHARACTER_SET_CLIENT */;
/*!40101 SET @OLD_CHARACTER_SET_RESULTS=@@CHARACTER_SET_RESULTS */;
/*!40101 SET @OLD_COLLATION_CONNECTION=@@COLLATION_CONNECTION */;
/*!40101 SET NAMES utf8mb4 */;

--
-- Cơ sở dữ liệu: `iudi`
--

-- --------------------------------------------------------

--
-- Cấu trúc bảng cho bảng `CommentFavorite`
--

CREATE TABLE `CommentFavorite` (
  `CommentFavoriteID` int NOT NULL,
  `UserID` int DEFAULT NULL,
  `CommentID` int DEFAULT NULL,
  `FavoriteType` tinyint(1) DEFAULT NULL,
  `FavoriteTime` datetime DEFAULT NULL
) ENGINE=InnoDB DEFAULT CHARSET=utf8mb4 COLLATE=utf8mb4_general_ci;

-- --------------------------------------------------------

--
-- Cấu trúc bảng cho bảng `CommentPhotos`
--

CREATE TABLE `CommentPhotos` (
  `PhotoID` int NOT NULL,
  `CommentID` int DEFAULT NULL,
  `PhotoURL` varchar(255) COLLATE utf8mb4_general_ci NOT NULL,
  `UploadTime` datetime DEFAULT NULL
) ENGINE=InnoDB DEFAULT CHARSET=utf8mb4 COLLATE=utf8mb4_general_ci;

--
-- Đang đổ dữ liệu cho bảng `CommentPhotos`
--

INSERT INTO `CommentPhotos` (`PhotoID`, `CommentID`, `PhotoURL`, `UploadTime`) VALUES
(1, 1, 'https://picsum.photos/200/300', '2024-03-01 16:28:11'),
(2, 2, 'https://i.ibb.co/WVLJRb0/timestudio-vn-headshot-eye-glasses-02.jpg', '2024-03-01 17:00:57');

-- --------------------------------------------------------

--
-- Cấu trúc bảng cho bảng `Favorite`
--

CREATE TABLE `Favorite` (
  `FavoriteID` int NOT NULL,
  `UserID` int DEFAULT NULL,
  `PostID` int DEFAULT NULL,
  `FavoriteType` tinyint(1) DEFAULT NULL,
  `FavoriteTime` datetime DEFAULT NULL
) ENGINE=InnoDB DEFAULT CHARSET=utf8mb4 COLLATE=utf8mb4_general_ci;

-- --------------------------------------------------------

--
-- Cấu trúc bảng cho bảng `ForumPhotos`
--

CREATE TABLE `ForumPhotos` (
  `PhotoID` int NOT NULL,
  `PostID` int DEFAULT NULL,
  `PhotoURL` varchar(255) COLLATE utf8mb4_general_ci NOT NULL,
  `UploadTime` datetime DEFAULT NULL
) ENGINE=InnoDB DEFAULT CHARSET=utf8mb4 COLLATE=utf8mb4_general_ci;

--
-- Đang đổ dữ liệu cho bảng `ForumPhotos`
--

INSERT INTO `ForumPhotos` (`PhotoID`, `PostID`, `PhotoURL`, `UploadTime`) VALUES
(1, 1, 'https://static.tuoitre.vn/tto/i/s626/2015/09/03/cho-meo-12-1441255605.jpg', '2024-02-29 14:54:16'),
(2, 2, 'https://static.tuoitre.vn/tto/i/s626/2015/09/03/cho-meo-12-1441255605.jpg', '2024-02-29 17:50:16'),
(3, 3, 'https://static.tuoitre.vn/tto/i/s626/2015/09/03/cho-meo-12-1441255605.jpg', '2024-03-01 13:47:55'),
(35, 18, 'image4.jpg', '2024-03-07 17:12:20'),
(36, 18, 'image5.jpg', '2024-03-07 17:12:20'),
(37, 18, 'image6.jpg', '2024-03-07 17:12:20'),
(38, 19, 'image4.jpg', '2024-03-07 17:14:14'),
(39, 19, 'image5.jpg', '2024-03-07 17:14:14'),
(40, 19, 'image6.jpg', '2024-03-07 17:14:14'),
(41, 21, 'image4.jpg', '2024-03-07 17:18:06'),
(42, 21, 'image5.jpg', '2024-03-07 17:18:06'),
(43, 21, 'image6.jpg', '2024-03-07 17:18:06'),
(58, 47, 'Optional(<UIImageView: 0x106513b10; frame = (15 333; 363 315); clipsToBounds = YES; opaque = NO; autoresize = RM+BM; userInteractionEnabled = NO; image = <UIImage:0x60000302ca20 CGImage anonymous; (1176 980)@1>; layer = <CALayer: 0x6000002adae0>>)', '2024-03-12 14:49:04'),
(59, 49, 'Optional(<UIImageView: 0x106e4ee60; frame = (15 333; 363 315); clipsToBounds = YES; opaque = NO; autoresize = RM+BM; userInteractionEnabled = NO; image = <UIImage:0x600003006d90 CGImage anonymous; (1176 882)@1>; layer = <CALayer: 0x6000002a8ea0>>)', '2024-03-12 16:46:10'),
(60, 50, 'Optional(<UIImageView: 0x1122057d0; frame = (15 333; 363 315); clipsToBounds = YES; opaque = NO; autoresize = RM+BM; userInteractionEnabled = NO; image = <UIImage:0x60000302f450 CGImage anonymous; (1176 882)@1>; layer = <CALayer: 0x600000230e40>>)', '2024-03-12 16:48:54'),
(61, 53, 'https://i.ibb.co/8xMp8hL/2e0783a92521.jpg', '2024-03-12 21:45:44');

-- --------------------------------------------------------

--
-- Cấu trúc bảng cho bảng `ForumPosts`
--

CREATE TABLE `ForumPosts` (
  `PostID` int NOT NULL,
  `UserID` int DEFAULT NULL,
  `GroupID` int DEFAULT NULL,
  `Title` text COLLATE utf8mb4_general_ci,
  `Content` text COLLATE utf8mb4_general_ci,
  `PostTime` datetime DEFAULT NULL,
  `IPPosted` varchar(45) COLLATE utf8mb4_general_ci DEFAULT NULL,
  `PostLatitude` decimal(10,8) DEFAULT NULL,
  `PostLongitude` decimal(11,8) DEFAULT NULL,
  `UpdatePostAt` datetime DEFAULT NULL
) ENGINE=InnoDB DEFAULT CHARSET=utf8mb4 COLLATE=utf8mb4_general_ci;

--
-- Đang đổ dữ liệu cho bảng `ForumPosts`
--

INSERT INTO `ForumPosts` (`PostID`, `UserID`, `GroupID`, `Title`, `Content`, `PostTime`, `IPPosted`, `PostLatitude`, `PostLongitude`, `UpdatePostAt`) VALUES
(1, 8, 1, 'Một con Gà conzzzz', 'Có rất nhiều con gà trong đàn ag cozzn', '2024-02-29 14:54:15', '127.0.0.1', '40.00000000', '50.00000000', '2024-02-29 14:54:15'),
(2, 8, 1, 'title 2', 'Có rất nhiều con gà trong đàn ag cozzn', '2024-02-29 17:50:16', '127.0.0.1', '40.00000000', '50.00000000', '2024-02-29 17:50:16'),
(3, 8, 1, 'title 3', 'Có rất nhiều con gà trong đàn ag cozzn', '2024-03-01 13:47:55', '127.0.0.1', '40.00000000', '50.00000000', '2024-03-01 13:47:55'),
(18, 118, NULL, 'sddw', 'Alo', '2024-03-07 17:12:20', '127.0.0.1', '40.00000000', '50.00000000', '2024-03-07 17:12:20'),
(19, 118, NULL, 'sddw', 'Alo', '2024-03-07 17:14:14', '127.0.0.1', '40.00000000', '50.00000000', '2024-03-07 17:14:14'),
(21, 118, NULL, 'sddw', 'Alo', '2024-03-07 17:18:06', '127.0.0.1', '40.00000000', '50.00000000', '2024-03-07 17:18:06'),
(47, 118, 6, 'sddw', 'Alo', '2024-03-12 14:49:04', '127.0.0.1', '40.00000000', '50.00000000', '2024-03-12 14:49:04'),
(48, 118, 6, 'sddw', '', '2024-03-12 14:55:11', '127.0.0.1', '40.00000000', '50.00000000', '2024-03-12 14:55:11'),
(49, 118, 2, 'sddw', 'Alo', '2024-03-12 16:46:10', '127.0.0.1', '40.00000000', '50.00000000', '2024-03-12 16:46:10'),
(50, 118, 2, 'sddw', 'Alo', '2024-03-12 16:48:54', '127.0.0.1', '40.00000000', '50.00000000', '2024-03-12 16:48:54'),
(51, 118, 2, 'AAAAAAA', 'aaaaaaaaa', '2024-03-12 17:30:26', '127.0.0.1', '40.00000000', '50.00000000', '2024-03-12 17:30:26'),
(52, 118, 5, 'AAAAAAA', 'aaaaaaaaa', '2024-03-12 17:31:16', '127.0.0.1', '40.00000000', '50.00000000', '2024-03-12 17:31:16'),
(53, 104, 1, '', '11111', '2024-03-12 21:45:44', '127.0.0.1', '40.00000000', '50.00000000', '2024-03-12 21:45:44');

-- --------------------------------------------------------

--
-- Cấu trúc bảng cho bảng `Groups`
--

CREATE TABLE `Groups` (
  `GroupID` int NOT NULL,
  `UserID` int DEFAULT NULL,
  `GroupName` varchar(50) COLLATE utf8mb4_general_ci NOT NULL,
  `CreateAt` datetime DEFAULT NULL,
  `avatarLink` varchar(200) COLLATE utf8mb4_general_ci DEFAULT 'https://gcs.tripi.vn/public-tripi/tripi-feed/img/474087SOH/avatar-cap-doi-dep-nhat_040408956.jpg',
  `userNumber` int NOT NULL DEFAULT '1'
) ENGINE=InnoDB DEFAULT CHARSET=utf8mb4 COLLATE=utf8mb4_general_ci;

--
-- Đang đổ dữ liệu cho bảng `Groups`
--

INSERT INTO `Groups` (`GroupID`, `UserID`, `GroupName`, `CreateAt`, `avatarLink`, `userNumber`) VALUES
(1, 1, 'Tim nguoi yeu sai gon', '2024-02-28 15:57:48', 'https://gcs.tripi.vn/public-tripi/tripi-feed/img/474087SOH/avatar-cap-doi-dep-nhat_040408956.jpg', 1),
(2, 1, 'Tim nguoi yeu ha noi', '2024-02-28 16:00:11', 'https://gcs.tripi.vn/public-tripi/tripi-feed/img/474087SOH/avatar-cap-doi-dep-nhat_040408956.jpg', 1),
(4, 8, 'My Family', '2024-02-29 14:33:01', 'https://i.ibb.co/SVt2FxF/family.png', 1),
(5, 8, 'hi', '2024-02-29 14:38:19', 'https://i.ibb.co/k5w31fF/image4.jpg', 1),
(6, 8, 'hello', '2024-02-29 14:39:39', 'https://i.ibb.co/wYFLmXc/anh.jpg', 1),
(7, 8, 'kien', '2024-02-29 14:40:37', 'https://i.ibb.co/LQbyTCg/image3.gif', 1),
(8, 8, 'sdfsd', '2024-02-29 14:41:36', 'https://i.ibb.co/RgL95VC/1-Spash-Screen.png', 1),
(9, 8, 'me', '2024-02-29 14:42:42', 'https://i.ibb.co/PM83Tv3/429120657-1090999722050229-5526531086846996657-n.png', 1),
(10, 8, 'oke', '2024-03-01 15:01:51', 'https://i.ibb.co/qWYJCGV/family.png', 1);

-- --------------------------------------------------------

--
-- Cấu trúc bảng cho bảng `Locations`
--

CREATE TABLE `Locations` (
  `LocationID` int NOT NULL,
  `UserID` int DEFAULT NULL,
  `Latitude` decimal(10,8) DEFAULT NULL,
  `Longitude` decimal(11,8) DEFAULT NULL,
  `Type` enum('registration','login','current') COLLATE utf8mb4_general_ci DEFAULT NULL,
  `UpdateTime` datetime DEFAULT NULL,
  `LastLoginIP` varchar(200) COLLATE utf8mb4_general_ci NOT NULL
) ENGINE=InnoDB DEFAULT CHARSET=utf8mb4 COLLATE=utf8mb4_general_ci;

--
-- Đang đổ dữ liệu cho bảng `Locations`
--

INSERT INTO `Locations` (`LocationID`, `UserID`, `Latitude`, `Longitude`, `Type`, `UpdateTime`, `LastLoginIP`) VALUES
(1, 1, '14.05832400', '108.27719900', 'registration', '2024-01-31 23:23:22', ''),
(2, 1, '20.98642362', '105.76151088', 'login', '2024-02-01 16:01:18', ''),
(3, 1, '14.05832400', '108.27719900', 'current', '2024-01-31 23:23:22', ''),
(4, 2, '14.05832400', '108.27719900', 'registration', '2024-01-31 23:26:16', ''),
(5, 2, '14.05832400', '108.27719900', 'login', '2024-01-31 23:49:44', ''),
(6, 2, '14.05832400', '108.27719900', 'current', '2024-01-31 23:26:16', ''),
(7, 3, '27.00000000', '40.00000000', 'registration', '2024-01-31 23:50:08', ''),
(8, 3, '27.00000000', '40.00000000', 'login', '2024-03-12 16:44:29', '113.178.49.22'),
(9, 3, '27.00000000', '40.00000000', 'current', '2024-01-31 23:50:08', ''),
(10, 5, '20.98635179', '105.76143165', 'registration', '2024-02-01 13:41:34', ''),
(11, 5, NULL, NULL, 'login', '2024-02-01 17:49:43', ''),
(12, 5, '20.98635179', '105.76143165', 'current', '2024-02-01 13:41:34', ''),
(13, 6, '20.98619028', '105.76111619', 'registration', '2024-02-21 14:43:24', ''),
(14, 6, '20.98619455', '105.76112376', 'login', '2024-02-21 15:33:16', ''),
(15, 6, '20.98619028', '105.76111619', 'current', '2024-02-21 14:43:24', ''),
(16, 7, '27.00000000', '40.00000000', 'registration', '2024-02-22 16:07:45', ''),
(17, 7, '27.00000000', '40.00000000', 'login', '2024-02-22 16:07:45', ''),
(18, 7, '27.00000000', '40.00000000', 'current', '2024-02-22 16:07:45', ''),
(19, 8, '21.05520150', '105.78335460', 'registration', '2024-02-22 18:00:14', ''),
(20, 8, '21.02920000', '105.85260000', 'login', '2024-03-01 12:45:40', '113.178.49.22'),
(21, 8, '21.05520150', '105.78335460', 'current', '2024-02-22 18:00:14', ''),
(22, 11, '21.05520150', '105.78335460', 'registration', '2024-02-22 18:07:03', ''),
(23, 11, '21.05520150', '105.78335460', 'login', '2024-02-22 18:07:03', ''),
(24, 11, '21.05520150', '105.78335460', 'current', '2024-02-22 18:07:03', ''),
(25, 13, '20.83389440', '105.86357760', 'registration', '2024-02-22 18:07:53', ''),
(26, 13, '20.83389440', '105.86357760', 'login', '2024-02-22 18:07:53', ''),
(27, 13, '20.83389440', '105.86357760', 'current', '2024-02-22 18:07:53', ''),
(28, 15, '21.05521050', '105.78335930', 'registration', '2024-02-22 18:17:47', ''),
(29, 15, '21.05521050', '105.78335930', 'login', '2024-02-22 18:17:47', ''),
(30, 15, '21.05521050', '105.78335930', 'current', '2024-02-22 18:17:47', ''),
(31, 17, '21.05521110', '105.78336000', 'registration', '2024-02-22 18:41:06', ''),
(32, 17, '21.05521110', '105.78336000', 'login', '2024-02-22 18:41:06', ''),
(33, 17, '21.05521110', '105.78336000', 'current', '2024-02-22 18:41:06', ''),
(34, 18, '21.05521110', '105.78336000', 'registration', '2024-02-22 18:42:03', ''),
(35, 18, '21.05521110', '105.78336000', 'login', '2024-02-22 18:42:03', ''),
(36, 18, '21.05521110', '105.78336000', 'current', '2024-02-22 18:42:03', ''),
(37, 21, '20.83389440', '105.86357760', 'registration', '2024-02-22 18:44:18', ''),
(38, 21, '20.83389440', '105.86357760', 'login', '2024-02-22 18:44:18', ''),
(39, 21, '20.83389440', '105.86357760', 'current', '2024-02-22 18:44:18', ''),
(40, 22, '20.83389440', '105.86357760', 'registration', '2024-02-22 18:45:38', ''),
(41, 22, '20.83389440', '105.86357760', 'login', '2024-02-22 18:45:38', ''),
(42, 22, '20.83389440', '105.86357760', 'current', '2024-02-22 18:45:38', ''),
(43, 23, '21.05521610', '105.78336180', 'registration', '2024-02-22 18:56:53', ''),
(44, 23, '21.05521610', '105.78336180', 'login', '2024-02-22 18:56:53', ''),
(45, 23, '21.05521610', '105.78336180', 'current', '2024-02-22 18:56:53', ''),
(46, 28, '20.83389440', '105.86357760', 'registration', '2024-02-22 18:59:32', ''),
(47, 28, '20.83389440', '105.86357760', 'login', '2024-02-22 18:59:32', ''),
(48, 28, '20.83389440', '105.86357760', 'current', '2024-02-22 18:59:32', ''),
(49, 31, '27.00000000', '40.00000000', 'registration', '2024-02-23 09:51:52', ''),
(50, 31, '27.00000000', '40.00000000', 'login', '2024-02-23 09:51:52', ''),
(51, 31, '27.00000000', '40.00000000', 'current', '2024-02-23 09:51:52', ''),
(52, 33, '27.00000000', '40.00000000', 'registration', '2024-02-23 10:29:58', ''),
(53, 33, '27.00000000', '40.00000000', 'login', '2024-02-23 10:29:58', ''),
(54, 33, '27.00000000', '40.00000000', 'current', '2024-02-23 10:29:58', ''),
(55, 34, '27.00000000', '40.00000000', 'registration', '2024-02-23 10:30:21', ''),
(56, 34, '27.00000000', '40.00000000', 'login', '2024-02-23 10:30:21', ''),
(57, 34, '27.00000000', '40.00000000', 'current', '2024-02-23 10:30:21', ''),
(58, 35, '27.00000000', '40.00000000', 'registration', '2024-02-23 11:28:04', ''),
(59, 35, '27.00000000', '40.00000000', 'login', '2024-02-23 11:28:04', ''),
(60, 35, '27.00000000', '40.00000000', 'current', '2024-02-23 11:28:04', ''),
(61, 36, '27.00000000', '40.00000000', 'registration', '2024-02-23 12:01:57', ''),
(62, 36, '27.00000000', '40.00000000', 'login', '2024-02-23 12:01:57', ''),
(63, 36, '27.00000000', '40.00000000', 'current', '2024-02-23 12:01:57', ''),
(64, 37, '27.00000000', '40.00000000', 'registration', '2024-02-26 16:35:40', ''),
(65, 37, '37.00000000', '-122.00000000', 'login', '2024-03-12 10:55:16', '113.178.49.22'),
(66, 37, '27.00000000', '40.00000000', 'current', '2024-02-26 16:35:40', ''),
(67, 40, '27.00000000', '40.00000000', 'registration', '2024-02-27 00:19:12', ''),
(68, 40, '21.00000000', '105.00000000', 'login', '2024-02-27 14:05:24', ''),
(69, 40, '27.00000000', '40.00000000', 'current', '2024-02-27 00:19:12', ''),
(70, 41, '27.00000000', '40.00000000', 'registration', '2024-02-27 00:20:39', ''),
(71, 41, '27.00000000', '40.00000000', 'login', '2024-02-27 13:51:16', ''),
(72, 41, '27.00000000', '40.00000000', 'current', '2024-02-27 00:20:39', ''),
(73, 42, '27.00000000', '40.00000000', 'registration', '2024-02-27 00:25:42', ''),
(74, 42, '27.00000000', '40.00000000', 'login', '2024-02-27 00:25:42', ''),
(75, 42, '27.00000000', '40.00000000', 'current', '2024-02-27 00:25:42', ''),
(76, 43, '27.00000000', '40.00000000', 'registration', '2024-02-27 00:28:51', ''),
(77, 43, '27.00000000', '40.00000000', 'login', '2024-02-27 00:28:51', ''),
(78, 43, '27.00000000', '40.00000000', 'current', '2024-02-27 00:28:51', ''),
(79, 44, '21.00000000', '105.00000000', 'registration', '2024-02-27 00:34:07', ''),
(80, 44, '21.00000000', '105.00000000', 'login', '2024-02-27 00:34:07', ''),
(81, 44, '21.00000000', '105.00000000', 'current', '2024-02-27 00:34:07', ''),
(82, 45, '27.00000000', '40.00000000', 'registration', '2024-02-27 00:38:45', ''),
(83, 45, '27.00000000', '40.00000000', 'login', '2024-02-27 00:38:45', ''),
(84, 45, '27.00000000', '40.00000000', 'current', '2024-02-27 00:38:45', ''),
(85, 50, '27.00000000', '40.00000000', 'registration', '2024-02-27 00:41:47', ''),
(86, 50, '27.00000000', '40.00000000', 'login', '2024-02-27 00:41:47', ''),
(87, 50, '27.00000000', '40.00000000', 'current', '2024-02-27 00:41:47', ''),
(88, 54, '27.00000000', '40.00000000', 'registration', '2024-02-27 00:42:34', ''),
(89, 54, '27.00000000', '40.00000000', 'login', '2024-02-27 00:42:34', ''),
(90, 54, '27.00000000', '40.00000000', 'current', '2024-02-27 00:42:34', ''),
(91, 55, '27.00000000', '40.00000000', 'registration', '2024-02-27 00:43:37', ''),
(92, 55, '27.00000000', '40.00000000', 'login', '2024-02-27 00:43:38', ''),
(93, 55, '27.00000000', '40.00000000', 'current', '2024-02-27 00:43:38', ''),
(94, 58, '27.00000000', '40.00000000', 'registration', '2024-02-27 00:44:10', ''),
(95, 58, '27.00000000', '40.00000000', 'login', '2024-02-27 00:44:10', ''),
(96, 58, '27.00000000', '40.00000000', 'current', '2024-02-27 00:44:10', ''),
(97, 60, '27.00000000', '40.00000000', 'registration', '2024-02-27 00:51:38', ''),
(98, 60, '27.00000000', '40.00000000', 'login', '2024-02-27 00:51:38', ''),
(99, 60, '27.00000000', '40.00000000', 'current', '2024-02-27 00:51:38', ''),
(100, 62, '27.00000000', '40.00000000', 'registration', '2024-02-27 09:50:23', ''),
(101, 62, '27.00000000', '40.00000000', 'login', '2024-02-27 09:50:23', ''),
(102, 62, '27.00000000', '40.00000000', 'current', '2024-02-27 09:50:23', ''),
(103, 63, '27.00000000', '40.00000000', 'registration', '2024-02-27 09:51:58', ''),
(104, 63, '27.00000000', '40.00000000', 'login', '2024-02-27 09:51:58', ''),
(105, 63, '27.00000000', '40.00000000', 'current', '2024-02-27 09:51:58', ''),
(106, 100, '27.00000000', '40.00000000', 'registration', '2024-02-28 16:21:00', '113.178.49.22'),
(107, 100, '21.02920000', '105.85260000', 'login', '2024-03-04 13:02:41', '113.178.49.22'),
(108, 100, '27.00000000', '40.00000000', 'current', '2024-02-28 16:21:00', '113.178.49.22'),
(109, 102, '27.00000000', '40.00000000', 'registration', '2024-03-04 12:15:55', '113.178.49.22'),
(110, 102, '27.00000000', '40.00000000', 'login', '2024-03-06 14:34:18', '113.178.49.22'),
(111, 102, '27.00000000', '40.00000000', 'current', '2024-03-04 12:15:55', '113.178.49.22'),
(112, 103, '20.98633350', '105.76078370', 'registration', '2024-03-04 13:36:17', '1'),
(113, 103, '21.02920000', '105.85260000', 'login', '2024-03-04 13:36:46', '113.178.49.22'),
(114, 103, '20.98633350', '105.76078370', 'current', '2024-03-04 13:36:17', '1'),
(115, 104, '20.98633230', '105.76075810', 'registration', '2024-03-04 13:55:47', '1'),
(116, 104, '21.02920000', '105.85260000', 'login', '2024-03-12 13:16:15', '123.16.198.5'),
(117, 104, '20.98633230', '105.76075810', 'current', '2024-03-04 13:55:47', '1'),
(118, 105, '1.00000000', '1.00000000', 'registration', '2024-03-04 14:52:04', '1'),
(119, 105, '1.00000000', '1.00000000', 'login', '2024-03-04 14:52:04', '1'),
(120, 105, '1.00000000', '1.00000000', 'current', '2024-03-04 14:52:04', '1'),
(121, 107, '20.98634340', '105.76082170', 'registration', '2024-03-04 14:57:31', '1'),
(122, 107, '20.98634340', '105.76082170', 'login', '2024-03-04 14:57:31', '1'),
(123, 107, '20.98634340', '105.76082170', 'current', '2024-03-04 14:57:31', '1'),
(124, 109, '20.98634110', '105.76081910', 'registration', '2024-03-04 14:59:14', '1'),
(125, 109, '20.98634110', '105.76081910', 'login', '2024-03-04 14:59:14', '1'),
(126, 109, '20.98634110', '105.76081910', 'current', '2024-03-04 14:59:14', '1'),
(127, 110, '20.98633770', '105.76080320', 'registration', '2024-03-04 15:05:48', '1'),
(128, 110, '20.98633770', '105.76080320', 'login', '2024-03-04 15:05:48', '1'),
(129, 110, '20.98633770', '105.76080320', 'current', '2024-03-04 15:05:48', '1'),
(130, 111, '20.98633730', '105.76079140', 'registration', '2024-03-04 15:07:13', '1'),
(131, 111, '20.98633730', '105.76079140', 'login', '2024-03-04 15:07:13', '1'),
(132, 111, '20.98633730', '105.76079140', 'current', '2024-03-04 15:07:13', '1'),
(133, 113, '20.98634660', '105.76082740', 'registration', '2024-03-04 15:11:31', '1'),
(134, 113, '20.98634660', '105.76082740', 'login', '2024-03-04 15:11:31', '1'),
(135, 113, '20.98634660', '105.76082740', 'current', '2024-03-04 15:11:31', '1'),
(136, 114, '20.98634180', '105.76082990', 'registration', '2024-03-04 15:15:10', '1'),
(137, 114, '20.98634180', '105.76082990', 'login', '2024-03-04 15:15:10', '1'),
(138, 114, '20.98634180', '105.76082990', 'current', '2024-03-04 15:15:10', '1'),
(139, 115, '20.98634540', '105.76085050', 'registration', '2024-03-04 15:17:32', '1'),
(140, 115, '20.98634540', '105.76085050', 'login', '2024-03-04 15:17:32', '1'),
(141, 115, '20.98634540', '105.76085050', 'current', '2024-03-04 15:17:32', '1'),
(142, 116, '20.98634860', '105.76085850', 'registration', '2024-03-04 15:18:00', '1'),
(143, 116, '20.98634860', '105.76085850', 'login', '2024-03-04 15:18:00', '1'),
(144, 116, '20.98634860', '105.76085850', 'current', '2024-03-04 15:18:00', '1'),
(145, 118, '27.00000000', '40.00000000', 'registration', '2024-03-04 16:40:39', '113.178.49.22'),
(146, 118, '27.00000000', '40.00000000', 'login', '2024-03-04 16:40:39', '113.178.49.22'),
(147, 118, '27.00000000', '40.00000000', 'current', '2024-03-04 16:40:39', '113.178.49.22'),
(148, 120, '27.00000000', '40.00000000', 'registration', '2024-03-04 18:57:10', '113.178.49.22'),
(149, 120, '27.00000000', '40.00000000', 'login', '2024-03-04 18:57:10', '113.178.49.22'),
(150, 120, '27.00000000', '40.00000000', 'current', '2024-03-04 18:57:10', '113.178.49.22'),
(151, 126, '20.96313450', '105.78779940', 'registration', '2024-03-04 19:42:14', '1'),
(152, 126, '20.96313450', '105.78779940', 'login', '2024-03-04 19:42:14', '1'),
(153, 126, '20.96313450', '105.78779940', 'current', '2024-03-04 19:42:14', '1'),
(154, 127, '20.96313100', '105.78781120', 'registration', '2024-03-04 19:43:41', '1'),
(155, 127, '20.96313100', '105.78781120', 'login', '2024-03-04 19:43:41', '1'),
(156, 127, '20.96313100', '105.78781120', 'current', '2024-03-04 19:43:41', '1'),
(157, 130, '20.97448420', '105.76363170', 'registration', '2024-03-05 12:32:17', '1'),
(158, 130, '21.02920000', '105.85260000', 'login', '2024-03-05 12:32:41', '103.224.168.28'),
(159, 130, '20.97448420', '105.76363170', 'current', '2024-03-05 12:32:17', '1'),
(160, 131, '27.00000000', '40.00000000', 'registration', '2024-03-05 13:42:57', '113.178.49.22'),
(161, 131, '27.00000000', '40.00000000', 'login', '2024-03-05 13:42:57', '113.178.49.22'),
(162, 131, '27.00000000', '40.00000000', 'current', '2024-03-05 13:42:57', '113.178.49.22'),
(163, 132, '27.00000000', '40.00000000', 'registration', '2024-03-05 13:46:56', '113.178.49.22'),
(164, 132, '27.00000000', '40.00000000', 'login', '2024-03-05 13:46:56', '113.178.49.22'),
(165, 132, '27.00000000', '40.00000000', 'current', '2024-03-05 13:46:56', '113.178.49.22'),
(166, 133, '20.98634290', '105.76080740', 'registration', '2024-03-07 13:51:52', '1'),
(167, 133, '20.98634290', '105.76080740', 'login', '2024-03-07 13:51:52', '1'),
(168, 133, '20.98634290', '105.76080740', 'current', '2024-03-07 13:51:52', '1'),
(169, 134, '20.98633800', '105.76077940', 'registration', '2024-03-07 14:00:37', '1'),
(170, 134, '21.02920000', '105.85260000', 'login', '2024-03-12 17:09:40', '113.178.49.22'),
(171, 134, '20.98633800', '105.76077940', 'current', '2024-03-07 14:00:37', '1'),
(172, 136, '27.00000000', '40.00000000', 'registration', '2024-03-08 13:27:18', '113.178.49.22'),
(173, 136, '27.00000000', '40.00000000', 'login', '2024-03-08 13:27:18', '113.178.49.22'),
(174, 136, '27.00000000', '40.00000000', 'current', '2024-03-08 13:27:18', '113.178.49.22'),
(175, 153, '27.00000000', '40.00000000', 'registration', '2024-03-11 11:23:31', '113.178.49.22'),
(176, 153, '27.00000000', '40.00000000', 'login', '2024-03-11 11:23:31', '113.178.49.22'),
(177, 153, '27.00000000', '40.00000000', 'current', '2024-03-11 11:23:31', '113.178.49.22'),
(178, 159, '27.00000000', '40.00000000', 'registration', '2024-03-11 11:25:31', '113.178.49.22'),
(179, 159, '27.00000000', '40.00000000', 'login', '2024-03-11 11:25:31', '113.178.49.22'),
(180, 159, '27.00000000', '40.00000000', 'current', '2024-03-11 11:25:31', '113.178.49.22'),
(181, 162, '27.00000000', '40.00000000', 'registration', '2024-03-11 11:26:18', '113.178.49.22'),
(182, 162, '27.00000000', '40.00000000', 'login', '2024-03-11 11:26:18', '113.178.49.22'),
(183, 162, '27.00000000', '40.00000000', 'current', '2024-03-11 11:26:18', '113.178.49.22'),
(184, 164, '27.00000000', '40.00000000', 'registration', '2024-03-11 11:27:55', '113.178.49.22'),
(185, 164, '27.00000000', '40.00000000', 'login', '2024-03-11 11:27:55', '113.178.49.22'),
(186, 164, '27.00000000', '40.00000000', 'current', '2024-03-11 11:27:55', '113.178.49.22'),
(187, 165, '27.00000000', '40.00000000', 'registration', '2024-03-11 11:35:08', '113.178.49.22'),
(188, 165, '27.00000000', '40.00000000', 'login', '2024-03-11 11:35:08', '113.178.49.22'),
(189, 165, '27.00000000', '40.00000000', 'current', '2024-03-11 11:35:08', '113.178.49.22'),
(190, 173, '37.78583400', '-122.40641700', 'registration', '2024-03-11 11:53:07', '113.178.49.22'),
(191, 173, '37.78583400', '-122.40641700', 'login', '2024-03-11 11:53:07', '113.178.49.22'),
(192, 173, '37.78583400', '-122.40641700', 'current', '2024-03-11 11:53:07', '113.178.49.22'),
(193, 175, '37.78583400', '-122.40641700', 'registration', '2024-03-11 11:55:59', '113.178.49.22'),
(194, 175, '37.78583400', '-122.40641700', 'login', '2024-03-11 11:55:59', '113.178.49.22'),
(195, 175, '37.78583400', '-122.40641700', 'current', '2024-03-11 11:55:59', '113.178.49.22'),
(196, 178, '37.78583400', '-122.40641700', 'registration', '2024-03-11 15:30:39', '113.178.49.22'),
(197, 178, '37.78583400', '-122.40641700', 'login', '2024-03-11 15:30:39', '113.178.49.22'),
(198, 178, '37.78583400', '-122.40641700', 'current', '2024-03-11 15:30:39', '113.178.49.22'),
(199, 179, '20.98633920', '105.76080310', 'registration', '2024-03-11 16:12:44', '1'),
(200, 179, '21.02920000', '105.85260000', 'login', '2024-03-11 16:15:43', '113.178.49.22'),
(201, 179, '20.98633920', '105.76080310', 'current', '2024-03-11 16:12:44', '1'),
(202, 180, '37.78583400', '-122.40641700', 'registration', '2024-03-11 16:23:18', '113.178.49.22'),
(203, 180, '37.78583400', '-122.40641700', 'login', '2024-03-11 16:23:18', '113.178.49.22'),
(204, 180, '37.78583400', '-122.40641700', 'current', '2024-03-11 16:23:18', '113.178.49.22'),
(205, 181, '27.00000000', '40.00000000', 'registration', '2024-03-12 02:26:18', '113.178.49.22'),
(206, 181, '21.02920000', '105.85260000', 'login', '2024-03-12 02:36:30', '123.16.198.5'),
(207, 181, '27.00000000', '40.00000000', 'current', '2024-03-12 02:26:18', '113.178.49.22'),
(208, 182, '37.78583400', '-122.40641700', 'registration', '2024-03-12 09:28:54', '113.178.49.22'),
(209, 182, '37.78583400', '-122.40641700', 'login', '2024-03-12 09:28:54', '113.178.49.22'),
(210, 182, '37.78583400', '-122.40641700', 'current', '2024-03-12 09:28:54', '113.178.49.22'),
(211, 183, '37.78583400', '-122.40641700', 'registration', '2024-03-12 10:28:27', '113.178.49.22'),
(212, 183, '37.78583400', '-122.40641700', 'login', '2024-03-12 10:28:27', '113.178.49.22'),
(213, 183, '37.78583400', '-122.40641700', 'current', '2024-03-12 10:28:27', '113.178.49.22'),
(214, 184, '37.78583400', '-122.40641700', 'registration', '2024-03-12 10:35:03', '113.178.49.22'),
(215, 184, '37.78583400', '-122.40641700', 'login', '2024-03-12 10:35:03', '113.178.49.22'),
(216, 184, '37.78583400', '-122.40641700', 'current', '2024-03-12 10:35:03', '113.178.49.22'),
(217, 185, '37.78583400', '-122.40641700', 'registration', '2024-03-12 11:18:19', '113.178.49.22'),
(218, 185, '37.78583400', '-122.40641700', 'login', '2024-03-12 11:18:19', '113.178.49.22'),
(219, 185, '37.78583400', '-122.40641700', 'current', '2024-03-12 11:18:19', '113.178.49.22'),
(220, 186, '37.78583400', '-122.40641700', 'registration', '2024-03-12 11:44:39', '113.178.49.22'),
(221, 186, '37.78583400', '-122.40641700', 'login', '2024-03-12 11:44:39', '113.178.49.22'),
(222, 186, '37.78583400', '-122.40641700', 'current', '2024-03-12 11:44:39', '113.178.49.22'),
(223, 187, '27.00000000', '40.00000000', 'registration', '2024-03-12 11:46:59', '113.178.49.22'),
(224, 187, '27.00000000', '40.00000000', 'login', '2024-03-13 16:57:44', '42.114.38.206'),
(225, 187, '27.00000000', '40.00000000', 'current', '2024-03-12 11:46:59', '113.178.49.22'),
(226, 188, '37.78583400', '-122.40641700', 'registration', '2024-03-12 11:47:40', '113.178.49.22'),
(227, 188, '37.78583400', '-122.40641700', 'login', '2024-03-12 11:47:40', '113.178.49.22'),
(228, 188, '37.78583400', '-122.40641700', 'current', '2024-03-12 11:47:40', '113.178.49.22'),
(229, 190, '37.78583400', '-122.40641700', 'registration', '2024-03-12 11:55:05', '113.178.49.22'),
(230, 190, '37.78583400', '-122.40641700', 'login', '2024-03-12 11:55:05', '113.178.49.22'),
(231, 190, '37.78583400', '-122.40641700', 'current', '2024-03-12 11:55:05', '113.178.49.22'),
(232, 191, '21.02920000', '105.85260000', 'registration', '2024-03-12 11:58:14', '113.178.49.22'),
(233, 191, '21.02920000', '105.85260000', 'login', '2024-03-12 11:58:14', '113.178.49.22'),
(234, 191, '21.02920000', '105.85260000', 'current', '2024-03-12 11:58:14', '113.178.49.22'),
(235, 192, '37.78583400', '-122.40641700', 'registration', '2024-03-12 13:09:16', '113.178.49.22'),
(236, 192, '37.78583400', '-122.40641700', 'login', '2024-03-12 13:09:16', '113.178.49.22'),
(237, 192, '37.78583400', '-122.40641700', 'current', '2024-03-12 13:09:16', '113.178.49.22'),
(238, 195, '37.78583400', '-122.40641700', 'registration', '2024-03-12 16:20:40', '113.178.49.22'),
(239, 195, '37.00000000', '-122.00000000', 'login', '2024-03-12 17:11:13', '113.178.49.22'),
(240, 195, '37.78583400', '-122.40641700', 'current', '2024-03-12 16:20:40', '113.178.49.22'),
(241, 200, '37.78583400', '-122.40641700', 'registration', '2024-03-12 17:07:46', '113.178.49.22'),
(242, 200, '37.78583400', '-122.40641700', 'login', '2024-03-12 17:07:46', '113.178.49.22'),
(243, 200, '37.78583400', '-122.40641700', 'current', '2024-03-12 17:07:46', '113.178.49.22'),
(244, 212, '27.00000000', '40.00000000', 'registration', '2024-03-13 23:30:41', '42.114.38.206'),
(245, 212, '27.00000000', '40.00000000', 'login', '2024-03-13 23:30:41', '42.114.38.206'),
(246, 212, '27.00000000', '40.00000000', 'current', '2024-03-13 23:30:41', '42.114.38.206');

-- --------------------------------------------------------

--
-- Cấu trúc bảng cho bảng `MessagePhotos`
--

CREATE TABLE `MessagePhotos` (
  `PhotoID` int NOT NULL,
  `MessageID` int DEFAULT NULL,
  `PhotoURL` varchar(255) COLLATE utf8mb4_general_ci NOT NULL,
  `UploadTime` datetime DEFAULT NULL
) ENGINE=InnoDB DEFAULT CHARSET=utf8mb4 COLLATE=utf8mb4_general_ci;

-- --------------------------------------------------------

--
-- Cấu trúc bảng cho bảng `Messages`
--

CREATE TABLE `Messages` (
  `MessageID` int NOT NULL,
  `SenderID` int DEFAULT NULL,
  `ReceiverID` int DEFAULT NULL,
  `Content` text COLLATE utf8mb4_general_ci,
  `MessageTime` datetime DEFAULT NULL,
  `IsSeen` smallint DEFAULT NULL
) ENGINE=InnoDB DEFAULT CHARSET=utf8mb4 COLLATE=utf8mb4_general_ci;

-- --------------------------------------------------------

--
-- Cấu trúc bảng cho bảng `PostComments`
--

CREATE TABLE `PostComments` (
  `CommentID` int NOT NULL,
  `PostID` int DEFAULT NULL,
  `UserID` int DEFAULT NULL,
  `Content` text COLLATE utf8mb4_general_ci,
  `CommentTime` datetime DEFAULT NULL,
  `CommentUpdateTime` datetime DEFAULT NULL
) ENGINE=InnoDB DEFAULT CHARSET=utf8mb4 COLLATE=utf8mb4_general_ci;

--
-- Đang đổ dữ liệu cho bảng `PostComments`
--

INSERT INTO `PostComments` (`CommentID`, `PostID`, `UserID`, `Content`, `CommentTime`, `CommentUpdateTime`) VALUES
(1, 1, 1, 'abc', '2024-03-01 16:28:11', '2024-03-01 16:28:11'),
(2, 1, 8, 'comment 1', '2024-03-01 17:00:57', '2024-03-01 17:00:57');

-- --------------------------------------------------------

--
-- Cấu trúc bảng cho bảng `Provinces`
--

CREATE TABLE `Provinces` (
  `ProvinceID` int NOT NULL,
  `ProvinceName` varchar(50) COLLATE utf8mb4_general_ci NOT NULL
) ENGINE=InnoDB DEFAULT CHARSET=utf8mb4 COLLATE=utf8mb4_general_ci;

--
-- Đang đổ dữ liệu cho bảng `Provinces`
--

INSERT INTO `Provinces` (`ProvinceID`, `ProvinceName`) VALUES
(1, 'An Giang'),
(2, 'Bà Rịa - Vũng Tàu'),
(5, 'Bắc Giang'),
(4, 'Bắc Kạn'),
(3, 'Bạc Liêu'),
(6, 'Bắc Ninh'),
(7, 'Bến Tre'),
(8, 'Bình Dương'),
(10, 'Bình Phước'),
(11, 'binh thuan'),
(9, 'Bình Định'),
(12, 'Cà Mau'),
(14, 'Cần Thơ'),
(13, 'Cao Bằng'),
(21, 'Gia Lai'),
(22, 'Hà Giang'),
(23, 'Hà Nam'),
(24, 'Hà Nội'),
(25, 'Hà Tĩnh'),
(26, 'Hải Dương'),
(27, 'Hải Phòng'),
(30, 'Hậu Giang'),
(28, 'Hòa Bình'),
(31, 'Hưng Yên'),
(32, 'Khánh Hòa'),
(33, 'Kiên Giang'),
(34, 'Kon Tum'),
(35, 'Lai Châu'),
(38, 'Lâm Đồng'),
(37, 'Lạng Sơn'),
(36, 'Lào Cai'),
(39, 'Long An'),
(40, 'Nam Định'),
(41, 'Nghệ An'),
(42, 'Ninh Bình'),
(43, 'Ninh Thuận'),
(44, 'Phú Thọ'),
(45, 'Phú Yên'),
(46, 'Quảng Bình'),
(47, 'Quảng Nam'),
(48, 'Quảng Ngãi'),
(49, 'Quảng Ninh'),
(50, 'Quảng Trị'),
(51, 'Sóc Trăng'),
(52, 'Sơn La'),
(53, 'Tây Ninh'),
(54, 'Thái Bình'),
(55, 'Thái Nguyên'),
(56, 'Thanh Hóa'),
(57, 'Thừa Thiên Huế'),
(58, 'Tiền Giang'),
(29, 'TP.Hồ Chí Minh'),
(59, 'Trà Vinh'),
(60, 'Tuyên Quang'),
(61, 'Vĩnh Long'),
(62, 'Vĩnh Phúc'),
(63, 'Yên Bái'),
(15, 'Đà Nẵng'),
(16, 'Đắk Lắk'),
(17, 'Đắk Nông'),
(18, 'Điện Biên'),
(19, 'Đồng Nai'),
(20, 'Đồng Tháp');

-- --------------------------------------------------------

--
-- Cấu trúc bảng cho bảng `Relationships`
--

CREATE TABLE `Relationships` (
  `RelationshipID` int NOT NULL,
  `UserID` int DEFAULT NULL,
  `RelatedUserID` int DEFAULT NULL,
  `RelationshipType` enum('block','other','favorite') COLLATE utf8mb4_general_ci NOT NULL,
  `CreateTime` datetime DEFAULT NULL,
  `idReceive` int NOT NULL,
  `relation` tinyint(1) DEFAULT '1',
  `id` int NOT NULL
) ENGINE=InnoDB DEFAULT CHARSET=utf8mb4 COLLATE=utf8mb4_general_ci;

--
-- Đang đổ dữ liệu cho bảng `Relationships`
--

INSERT INTO `Relationships` (`RelationshipID`, `UserID`, `RelatedUserID`, `RelationshipType`, `CreateTime`, `idReceive`, `relation`, `id`) VALUES
(2, 37, 1, 'other', '2024-03-12 17:22:27', 1, 0, 0),
(3, 37, 3, 'other', '2024-03-12 18:05:15', 0, 0, 0),
(4, 192, 2, 'favorite', '2024-03-12 18:06:15', 1, 0, 0),
(5, 192, 2, 'other', '2024-03-12 18:06:21', 1, 1, 0),
(6, 192, 2, 'favorite', '2024-03-12 18:07:05', 1, 1, 0),
(8, 187, 2, 'favorite', '2024-03-13 23:18:31', 1, 1, 0);

-- --------------------------------------------------------

--
-- Cấu trúc bảng cho bảng `UserPhotos`
--

CREATE TABLE `UserPhotos` (
  `PhotoID` int NOT NULL,
  `UserID` int DEFAULT NULL,
  `PhotoURL` varchar(255) COLLATE utf8mb4_general_ci NOT NULL,
  `UploadTime` datetime DEFAULT NULL,
  `SetAsAvatar` tinyint(1) DEFAULT NULL
) ENGINE=InnoDB DEFAULT CHARSET=utf8mb4 COLLATE=utf8mb4_general_ci;

--
-- Đang đổ dữ liệu cho bảng `UserPhotos`
--

INSERT INTO `UserPhotos` (`PhotoID`, `UserID`, `PhotoURL`, `UploadTime`, `SetAsAvatar`) VALUES
(31, 37, 'https://i.ibb.co/rx7hkRR/980aeed129de.png', '2024-02-28 17:02:29', 0),
(32, 37, 'https://i.ibb.co/rx7hkRR/980aeed129de.png', '2024-02-28 17:04:53', 0),
(33, 37, 'https://i.ibb.co/rx7hkRR/980aeed129de.png', '2024-02-28 17:05:12', 0),
(34, 37, 'https://i.ibb.co/rx7hkRR/980aeed129de.png', '2024-02-28 17:05:49', 0),
(35, 37, 'https://i.ibb.co/rx7hkRR/980aeed129de.png', '2024-02-28 17:08:37', 0),
(36, 37, 'https://i.ibb.co/SmFQ2Gz/fd8bd3372635.png', '2024-02-28 17:19:59', 0),
(37, 37, 'https://i.ibb.co/R4WL2K1/980aeed129de.png', '2024-02-29 11:07:18', 0),
(38, 37, 'https://i.ibb.co/y6GvggT/Progetto-senza-titolo-5-jpg.webp', '2024-02-29 11:11:06', 0),
(39, 5, 'https://i.ibb.co/y6GvggT/Progetto-senza-titolo-5-jpg.webp', '2024-03-02 12:07:49', 0),
(40, 37, 'https://i.ibb.co/TmD0wqs/6fbc45b80846.png', '2024-03-04 22:33:41', 0),
(41, 37, 'https://i.ibb.co/XpXrhrj/1ba58d13a065.png', '2024-03-05 09:38:53', 0),
(42, 37, 'https://i.ibb.co/s1QLQ9V/b5aede205121.png', '2024-03-05 10:54:08', 0),
(43, 37, 'https://i.ibb.co/s1QLQ9V/b5aede205121.png', '2024-03-05 10:54:47', 0),
(44, 37, 'https://i.ibb.co/8YLpLg8/df65f33cd1f9.png', '2024-03-05 10:59:55', 0),
(45, 37, 'https://i.ibb.co/PDvnvGC/df65f33cd1f9.png', '2024-03-05 11:03:36', 0),
(46, 37, 'https://i.ibb.co/PDvnvGC/df65f33cd1f9.png', '2024-03-05 11:03:42', 0),
(47, 37, 'https://i.ibb.co/PDvnvGC/df65f33cd1f9.png', '2024-03-05 11:03:46', 0),
(48, 37, 'https://i.ibb.co/PDvnvGC/df65f33cd1f9.png', '2024-03-05 11:04:44', 0),
(49, 5, 'https://i.ibb.co/y6GvggT/Progetto-senza-titolo-5-jpg.webp', '2024-03-05 11:41:02', 0),
(50, 5, 'https://i.ibb.co/y6GvggT/Progetto-senza-titolo-5-jpg.webp', '2024-03-05 11:41:09', 0),
(51, 5, 'https://i.ibb.co/y6GvggT/Progetto-senza-titolo-5-jpg.webp', '2024-03-05 12:12:56', 0),
(52, 5, 'https://i.ibb.co/y6GvggT/Progetto-senza-titolo-5-jpg.webp', '2024-03-05 12:46:39', 0),
(53, 5, 'https://i.ibb.co/y6GvggT/Progetto-senza-titolo-5-jpg.webp', '2024-03-05 12:47:00', 0),
(54, 5, 'https://i.ibb.co/y6GvggT/Progetto-senza-titolo-5-jpg.webp', '2024-03-05 13:23:19', 1),
(55, 37, 'https://i.ibb.co/R6sPSsy/21555612b8f5.png', '2024-03-05 13:34:51', 0),
(56, 37, 'https://i.ibb.co/v3L7RSW/e5684e97deed.png', '2024-03-05 14:09:37', 0),
(57, 37, 'https://i.ibb.co/T1xFkBw/684da5d2d6b6.png', '2024-03-05 14:22:35', 0),
(58, 37, 'https://i.ibb.co/mNpBz5t/36ef50a9ac31.png', '2024-03-05 14:27:02', 0),
(59, 37, 'https://i.ibb.co/kBZyvyC/5703ee3d14dc.png', '2024-03-05 14:54:32', 0),
(60, 37, 'https://i.ibb.co/GPG1nJx/8ca5ea587b61.png', '2024-03-05 14:58:20', 0),
(61, 37, 'https://i.ibb.co/kQYvMsZ/33d11b801efa.png', '2024-03-05 15:01:05', 0),
(62, 3, 'https://i.ibb.co/y6GvggT/Progetto-senza-titolo-5-jpg.webp', '2024-03-05 16:15:10', 0),
(63, 3, 'https://i.ibb.co/y6GvggT/Progetto-senza-titolo-5-jpg.webp', '2024-03-05 16:20:42', 1),
(64, 37, 'https://i.ibb.co/jbMs9Sj/89bcb02bc297.png', '2024-03-12 10:05:58', 0),
(65, 37, 'https://i.ibb.co/cgh8NJ2/5f38dec633fe.png', '2024-03-12 10:12:13', 0),
(66, 37, 'https://i.ibb.co/cgh8NJ2/5f38dec633fe.png', '2024-03-12 10:20:31', 1),
(67, 192, 'https://i.ibb.co/YtLfDVY/25a045b64f2e.png', '2024-03-12 14:35:38', 0),
(68, 192, 'https://i.ibb.co/tbHTHy9/b876bba9fe41.png', '2024-03-12 14:38:27', 1),
(70, 187, '2.jpg', '2024-03-14 12:10:20', 0);

-- --------------------------------------------------------

--
-- Cấu trúc bảng cho bảng `Users`
--

CREATE TABLE `Users` (
  `UserID` int NOT NULL,
  `FullName` varchar(50) COLLATE utf8mb4_general_ci NOT NULL,
  `Username` varchar(50) COLLATE utf8mb4_general_ci NOT NULL,
  `Password` varchar(255) COLLATE utf8mb4_general_ci NOT NULL,
  `Email` varchar(255) COLLATE utf8mb4_general_ci NOT NULL,
  `Phone` varchar(20) COLLATE utf8mb4_general_ci DEFAULT NULL,
  `Gender` enum('Nam','Nữ','Đồng tính nữ','Đồng tính nam') COLLATE utf8mb4_general_ci DEFAULT NULL,
  `BirthDate` date DEFAULT NULL,
  `BirthTime` time DEFAULT NULL,
  `ProvinceID` int DEFAULT NULL,
  `IsAnonymous` smallint DEFAULT '0',
  `RegistrationIP` varchar(45) COLLATE utf8mb4_general_ci DEFAULT NULL,
  `LastLoginIP` varchar(45) COLLATE utf8mb4_general_ci DEFAULT NULL,
  `LastActivityTime` datetime DEFAULT NULL,
  `IsLoggedIn` tinyint(1) DEFAULT NULL,
  `Role` tinyint(1) NOT NULL,
  `avatarLink` varchar(500) COLLATE utf8mb4_general_ci NOT NULL DEFAULT 'https://img.freepik.com/premium-vector/man-avatar-icon-flat-illustration-man-avatar-vector-icon-any-web-design_98396-3379.jpg',
  `Bio` text COLLATE utf8mb4_general_ci,
  `CurrentAdd` text COLLATE utf8mb4_general_ci,
  `BirthPlace` text COLLATE utf8mb4_general_ci
) ENGINE=InnoDB DEFAULT CHARSET=utf8mb4 COLLATE=utf8mb4_general_ci;

--
-- Đang đổ dữ liệu cho bảng `Users`
--

INSERT INTO `Users` (`UserID`, `FullName`, `Username`, `Password`, `Email`, `Phone`, `Gender`, `BirthDate`, `BirthTime`, `ProvinceID`, `IsAnonymous`, `RegistrationIP`, `LastLoginIP`, `LastActivityTime`, `IsLoggedIn`, `Role`, `avatarLink`, `Bio`, `CurrentAdd`, `BirthPlace`) VALUES
(1, 'Ba Phạm', 'Ba', '$pbkdf2-sha256$29000$JUQIgfAeY6w1hlBKaU3JOQ$.sh6R45PjgMaAqQVeLR6qeMiOrGuXpQwBtP6/.aXnWc', 'Ba@gmail.com', NULL, NULL, NULL, NULL, NULL, 0, '42.113.61.229', '222.254.6.175', NULL, 1, 0, 'https://img.freepik.com/premium-vector/man-avatar-icon-flat-illustration-man-avatar-vector-icon-any-web-design_98396-3379.jpg', NULL, NULL, NULL),
(2, 'Linh Nguyen', 'Tam', '$pbkdf2-sha256$29000$oFRqDUFo7X1vzdk75zynlA$qry4vGt4Lc9vc84jJhdEd3B56/aprhFPtITSkP0qqsg', 'nguyenvanlinh12134@gmail.com', '001', 'Nam', '2001-05-13', '00:00:00', 1, 0, '42.113.61.229', '42.113.61.229', NULL, 1, 0, 'https://img.freepik.com/premium-vector/man-avatar-icon-flat-illustration-man-avatar-vector-icon-any-web-design_98396-3379.jpg', 'Lorem ipsum dolor sit er elit lamet, consectetaur cillium adipisicing pecu, sed do eiusmod tempor incididunt ut labore et dolore magna aliqua. Ut ', 'HaNoi', 'HaNoi'),
(3, 'Linh Nguyen', 'admin', '$pbkdf2-sha256$29000$lpLSOuf8H.M8R4hRypmTsg$/mSExajxc7b5om7p3hIDlD0450fLeKjUwV4Lb2aP/iE', 'nguyenvanlinh12136@gmail.com', '001', 'Nam', '2001-05-13', '00:00:00', 1, 0, '171.224.181.144', '113.178.49.22', '2024-03-12 16:44:29', 1, 0, 'https://i.ibb.co/y6GvggT/Progetto-senza-titolo-5-jpg.webp', 'Lorem ipsum dolor sit er elit lamet, consectetaur cillium adipisicing pecu, sed do eiusmod tempor incididunt ut labore et dolore magna aliqua. Ut ', 'HaNoi', 'HaNoi'),
(5, 'testData', 'DB', '$pbkdf2-sha256$29000$ZGytFWLsHcN4r1XKmZPSGg$XiPm4g3lmrhka53jZq1tKlbsQ9E8BLHuP7RuarffJsg', 'nguyenvanlinh11232113@gmail.com', '001', 'Nữ', '1997-05-13', '00:00:00', 1, 0, '222.254.6.175', '54.86.50.139', NULL, 1, 0, 'https://i.ibb.co/y6GvggT/Progetto-senza-titolo-5-jpg.webp', 'Lorem ipsum dolor sit er elit lamet, consectetaur cillium adipisicing pecu, sed do eiusmod tempor incididunt ut labore et Lorem ipsum dolor sit er elit lamet, consectetaur cillium adipisicing pecu, sed do eiusmod tempor incididunt ut labore et Lorem ipsum dolor sit er elit lamet, consectetaur cillium adipisicing pecu, sed do eiusmod tempor incididunt ut laLorem ipsum dolor sit er elit lamet, consectetaur cillium adipisicing pecu, sed do eiusmod tempor incididunt ut labore et Lorem ipsum dolor sit er elit lamet, consectetaur cillium adipisicing pecu, sed do eiusmod tempor incididunt ut labore et Lorem ipsum dolor sit er elit lamet, consectetaur cillium adipisicing pecu, sed do eiusmod tempor incididunt ut labore et Lorem ipsum dolor sit er elit lamet, consectetaur cillium adipisicing pecu, sed do eiusmod tempor incididunt ut labore et Lorem ipsum dolor sit er elit lamet, consectetaur cillium adipisicing pecu, sed do eiusmod tempor incididunt ut labore et Lorem ipsum dolor sit er elit lamet, consectetaur cillium adipisicing pecu, sed do eiusmod tempor incididunt ut labore et Lorem ipsum dolor sit er elit lamet, consectetaur cillium adipisicing pecu, sed do eiusmod tempor incididunt ut labore et Lorem ipsum dolor sit er elit lamet, consectetaur cillium adipisicing pecu, sed do eiusmod tempor incididunt ut labore et Lorem ipsum dolor sit er elit lamet, consectetaur cillium adipisicing pecu, sed do eiusmod tempor incididunt ut labore et bore et Lorem ipsum dolor sit er elit lamet, consectetaur cillium adipisicing pecu, sed do eiusmod tempor incididunt ut labore et dolore magna aliqua. Ut ', 'Hà Nội', 'Hà Nội'),
(6, 'Phạm Đình Minh', 'PDM', '$pbkdf2-sha256$29000$yhmj1FprbU2JcQ5BSKlVSg$7YloSKBK55bbgdnCklkmiMHFdTY3jtqGEQAqjrzveA4', 'minh1997@gmail.com', NULL, NULL, NULL, NULL, NULL, 0, '113.178.49.22', '113.178.49.22', NULL, 1, 0, 'https://img.freepik.com/premium-vector/man-avatar-icon-flat-illustration-man-avatar-vector-icon-any-web-design_98396-3379.jpg', NULL, NULL, NULL),
(7, 'Taiii', 'linh', '$pbkdf2-sha256$29000$J.QcQ6hVitE65xyj9L733g$r7DUdsKTtLtPfB46rTbAzhXbRcyw.Xq6D/HyHMhmgMY', 'pxltaiii@gmail.com', NULL, NULL, NULL, NULL, NULL, 0, '127.0.0.1', NULL, NULL, 0, 0, 'https://img.freepik.com/premium-vector/man-avatar-icon-flat-illustration-man-avatar-vector-icon-any-web-design_98396-3379.jpg', NULL, NULL, NULL),
(8, 'Linh Nguyen', 'huukien02', '$pbkdf2-sha256$29000$fI8RgjBmzHlv7d2bs9Y6hw$5fCip0Kv1BxOwdL8unDu5pE4gsgemUmoM7ZNKZf0Hvs', 'nguyenvanlinh1213@gmail.com', '001', 'Nam', '1997-05-13', '00:00:00', 1, 0, '127.0.0.1', '', '2024-03-04 10:12:01', 1, 0, 'https://img.freepik.com/premium-vector/man-avatar-icon-flat-illustration-man-avatar-vector-icon-any-web-design_98396-3379.jpg', 'Lorem ipsum dolor sit er elit lamet, consectetaur cillium adipisicing pecu, sed do eiusmod tempor incididunt ut labore et dolore magna aliqua. Ut ', 'Hà Nội', 'Hà Nội'),
(11, 'Le Huu Kien', 'huukien2707', '$pbkdf2-sha256$29000$F6J0jrF2Tul9jxEiZOx9zw$YRD8n7pK7tEOuxX5VPXu9nhqWbnku2jRkKsDEwfqj9w', 'lhkien270702@gmail.com', NULL, NULL, NULL, NULL, NULL, 0, '127.0.0.1', NULL, NULL, 0, 0, 'https://img.freepik.com/premium-vector/man-avatar-icon-flat-illustration-man-avatar-vector-icon-any-web-design_98396-3379.jpg', NULL, NULL, NULL),
(13, 'Le Huu Kien', 'huukien27072002', '$pbkdf2-sha256$29000$q3UOQQgBgHAO4XxPqXWOcQ$0K5SsaygpejeFudwsk5kLe1fk2gU11Qtdko0sLMPWWA', 'kien.lh@haposoft.com', NULL, NULL, NULL, NULL, NULL, 0, '127.0.0.1', NULL, NULL, 0, 0, 'https://img.freepik.com/premium-vector/man-avatar-icon-flat-illustration-man-avatar-vector-icon-any-web-design_98396-3379.jpg', NULL, NULL, NULL),
(15, 'Linh Nguyen', 'huukien2k2', '$pbkdf2-sha256$29000$rVUqxXivFYIQIgRAyNnbew$fTM8qdKaTaYmaFqb.LerUIjnHkW2eFv/FAg8rvaqZm4', 'nguyenvanlinh1123213@gmail.com', '001', 'Nữ', '1997-05-13', '00:00:00', 1, 0, '127.0.0.1', NULL, NULL, 0, 0, 'https://img.freepik.com/premium-vector/man-avatar-icon-flat-illustration-man-avatar-vector-icon-any-web-design_98396-3379.jpg', 'Lorem ipsum dolor sit er elit lamet, consectetaur cillium adipisicing pecu, sed do eiusmod tempor incididunt ut labore et dolore magna aliqua. Ut ', 'Hà Nội', 'Hà Nội'),
(17, 'Le Huu Kien', 'huukien2k2123', '$pbkdf2-sha256$29000$eO99j7G2tlbK.R9jjNGa0w$1KO/68sfpbC3fmGG/NFw1pl17FS75ooDOtBsDqogAfg', 'kien123@haposoft.com', NULL, NULL, NULL, NULL, NULL, 0, '127.0.0.1', NULL, NULL, 0, 0, 'https://img.freepik.com/premium-vector/man-avatar-icon-flat-illustration-man-avatar-vector-icon-any-web-design_98396-3379.jpg', NULL, NULL, NULL),
(18, 'Le Huu Kien', '12344', '$pbkdf2-sha256$29000$yJkTIgQgZGwtxVhrTanV.g$AGewMfJysNTjZBqvfsWoV28aaKCPWvi0zk5n/ykmvkc', 'kien1234@haposoft.com', NULL, NULL, NULL, NULL, NULL, 0, '127.0.0.1', NULL, NULL, 0, 0, 'https://img.freepik.com/premium-vector/man-avatar-icon-flat-illustration-man-avatar-vector-icon-any-web-design_98396-3379.jpg', NULL, NULL, NULL),
(21, 'Le Huu Kien', '12345', '$pbkdf2-sha256$29000$DKGUMsY4x3gvZUxJaQ2hVA$nAeWqybcNPuCmUp40yH3D9gO9DEjU1D9VqvtW2RYmiE', 'kien12345@haposoft.com', NULL, NULL, NULL, NULL, NULL, 0, '127.0.0.1', NULL, NULL, 0, 0, 'https://img.freepik.com/premium-vector/man-avatar-icon-flat-illustration-man-avatar-vector-icon-any-web-design_98396-3379.jpg', NULL, NULL, NULL),
(22, 'Le Huu Kien', '123456', '$pbkdf2-sha256$29000$gTBmTEnJuZey9p4TQijlnA$AZd.mNFvAB6QayPWETetV9bLlHqSzwoQIgkXmtVXV5g', 'kien123456@haposoft.com', NULL, NULL, NULL, NULL, NULL, 0, '127.0.0.1', NULL, NULL, 0, 0, 'https://img.freepik.com/premium-vector/man-avatar-icon-flat-illustration-man-avatar-vector-icon-any-web-design_98396-3379.jpg', NULL, NULL, NULL),
(23, 'Le Huu Kien', 'admin123', '$pbkdf2-sha256$29000$09p7T2kNYSwlBEColdJ6Tw$l2CjsQWQUkmJlxpJyISZ759X0TS.bjbOqzqm92IoNGM', 'lehuukien27072k2@gmail.com', NULL, NULL, NULL, NULL, NULL, 0, '127.0.0.1', NULL, NULL, 0, 0, 'https://img.freepik.com/premium-vector/man-avatar-icon-flat-illustration-man-avatar-vector-icon-any-web-design_98396-3379.jpg', NULL, NULL, NULL),
(28, 'Le Huu Kien', 'admin2002', '$pbkdf2-sha256$29000$SElpLaU0hpDyXqv1npNSig$IHrJeVH15PIgiuGC6Jfo2ZYOHMLe0JHM05I.d1zCU0k', 'lehuukien270702123@gmail.com', NULL, NULL, NULL, NULL, NULL, 0, '127.0.0.1', NULL, NULL, 0, 0, 'https://img.freepik.com/premium-vector/man-avatar-icon-flat-illustration-man-avatar-vector-icon-any-web-design_98396-3379.jpg', NULL, NULL, NULL),
(31, 'Taiii', 'linh1', '$pbkdf2-sha256$29000$kxJiDCEkZOy9d47x3jsH4A$JdBe06mn3Fk1iT5yyzzu7ArO51lPzGryWRU3bxoCT3s', 'pxltaiii@gmail.com12', NULL, NULL, NULL, NULL, NULL, 0, '127.0.0.1', NULL, NULL, 0, 0, 'https://img.freepik.com/premium-vector/man-avatar-icon-flat-illustration-man-avatar-vector-icon-any-web-design_98396-3379.jpg', NULL, NULL, NULL),
(33, 'Taiii', 'linh2', '$pbkdf2-sha256$29000$4jyHcA5hzBlDiPGeM.Z8rw$uiRK/.WTy..11mIzXcvtf8ZI6Dmro0UjrWC0I.biH.w', 'nguyenhuulinhd0codt@gmail.com', NULL, NULL, NULL, NULL, NULL, 0, '127.0.0.1', NULL, NULL, 0, 0, 'https://img.freepik.com/premium-vector/man-avatar-icon-flat-illustration-man-avatar-vector-icon-any-web-design_98396-3379.jpg', NULL, NULL, NULL),
(34, 'Taiii', 'linh3', '$pbkdf2-sha256$29000$GGMsReg955yT0tr7X0spRQ$O/cZkN7/uKM4hF/y4PhS/tuNtXZ7afAGeU0mvVcFqtE', '3nguyenhuulinhd0codt@gmail.com', NULL, NULL, NULL, NULL, NULL, 0, '127.0.0.1', NULL, NULL, 0, 0, 'https://img.freepik.com/premium-vector/man-avatar-icon-flat-illustration-man-avatar-vector-icon-any-web-design_98396-3379.jpg', NULL, NULL, NULL),
(35, 'Linh', 'l', '$pbkdf2-sha256$29000$ak1pDQHAOAeg1JrT.p.zFg$ioLkERl5CwF7W8oOpv2eCSpue6UfFSY3Qcc2sLK0TTg', '5nguyenhuulinhd0codt@gmail.com', NULL, NULL, NULL, NULL, NULL, 0, '127.0.0.1', NULL, NULL, 0, 0, 'https://img.freepik.com/premium-vector/man-avatar-icon-flat-illustration-man-avatar-vector-icon-any-web-design_98396-3379.jpg', NULL, NULL, NULL),
(36, 'Linh', 'l2', '$pbkdf2-sha256$29000$.H/vnVNq7V1rDQHg/F/LWQ$UIlmwi8UCN6PK.QNkX.H2eZPWnif/5rx.SBJsXtbpxs', '6nguyenhuulinhd0codt@gmail.com', NULL, NULL, NULL, NULL, NULL, 0, '127.0.0.1', NULL, NULL, 0, 0, 'https://img.freepik.com/premium-vector/man-avatar-icon-flat-illustration-man-avatar-vector-icon-any-web-design_98396-3379.jpg', NULL, NULL, NULL),
(37, 'Linh Nguyen', 'linhli', '$pbkdf2-sha256$29000$/58TwtgbQ6iVUmpNyTlH6A$UgaWKaU5SWY.kruWznQ7LPil0XbVRm5fbvfNkCPwcrs', 'linh@gmail.com', '121', 'Nữ', '2001-05-13', '00:00:00', 24, 0, '127.0.0.1', '113.178.49.22', '2024-03-12 10:55:16', 1, 0, 'https://i.ibb.co/cgh8NJ2/5f38dec633fe.png', 'Lorem ipsum dolor sit er elit lamet, consectetaur cillium adipisicing pecu, sed do eiusmod te.jsgskjdsayduiashhgasuhgdashgdhjasgdhjasghdasgjdhgasgdhasgjdhgsajgdgihasdasghgasukhhchasdhjgsadhuasgdhjgasdhgashdgashgashdgasgdhasdjjkfbjgbjfvahdaskshdjasdjashdkasdashdjkashdjsnhnkhj', 'Hà Nội', 'Hà Nội'),
(40, 'linhlinh', 'linhli1', '$pbkdf2-sha256$29000$05ozJqQ0ptRay/k/RygFwA$rht.5iEuHSesG83q0hkjLyldQ0frpnzrOJ9PvHZL8.8', 'linh123@gmail.com', NULL, NULL, NULL, NULL, NULL, 0, '127.0.0.1', '127.0.0.1', '2024-02-27 14:05:24', 1, 0, 'https://img.freepik.com/premium-vector/man-avatar-icon-flat-illustration-man-avatar-vector-icon-any-web-design_98396-3379.jpg', NULL, NULL, NULL),
(41, 'linhlinh', 'linhli11', '$pbkdf2-sha256$29000$8b7X2juHUOo9J.T8XwtBCA$wo5IRK0/hjjtDjZ.O.EYL8kgPIRlP2F5/b4U93XCDlo', 'linh1234@gmail.com', NULL, NULL, NULL, NULL, NULL, 0, '127.0.0.1', '127.0.0.1', '2024-02-27 13:51:16', 1, 0, 'https://img.freepik.com/premium-vector/man-avatar-icon-flat-illustration-man-avatar-vector-icon-any-web-design_98396-3379.jpg', NULL, NULL, NULL),
(42, 'linhli1123', 'linhli1123', '$pbkdf2-sha256$29000$hfDee09JyXmv9T4nREiJcQ$oBJjfP65oUjQlmkdHAhv.RWMAdqHbHUsCS6roe6Mjdg', 'linh2@gmail.com', NULL, NULL, NULL, NULL, NULL, 0, '127.0.0.1', NULL, '2024-02-27 00:25:42', 0, 0, 'https://img.freepik.com/premium-vector/man-avatar-icon-flat-illustration-man-avatar-vector-icon-any-web-design_98396-3379.jpg', NULL, NULL, NULL),
(43, 'linhli1123', 'linhli112342', '$pbkdf2-sha256$29000$DUForZUyhhBizHmvda4VQg$l2XlBpusKWiGx9ezKb2KJWhuoMAus3KM2DYxIGhfFIY', 'llinh613@gmail.com', NULL, NULL, NULL, NULL, NULL, 0, '127.0.0.1', NULL, '2024-02-27 00:28:51', 0, 0, 'https://img.freepik.com/premium-vector/man-avatar-icon-flat-illustration-man-avatar-vector-icon-any-web-design_98396-3379.jpg', NULL, NULL, NULL),
(44, 'linh123', 'linh123', '$pbkdf2-sha256$29000$3luL8V4rBcC4F4JQivHeGw$iahR53IQ475hSyXXgKCPsnfA/j3xGFJjdalg/iH9DWU', 'linh124123@gmail.com', NULL, NULL, NULL, NULL, NULL, 0, '127.0.0.1', NULL, '2024-02-27 00:34:07', 0, 0, 'https://img.freepik.com/premium-vector/man-avatar-icon-flat-illustration-man-avatar-vector-icon-any-web-design_98396-3379.jpg', NULL, NULL, NULL),
(45, 'linhli1123421', 'linhli1123421', '$pbkdf2-sha256$29000$6X2PEYIQAmDsPadUyjknBA$4JijCw.jyRIZKt1xjEURtEamLNWXsDPZneG42hNqdok', 'llinh614@gmail.com', NULL, NULL, NULL, NULL, NULL, 0, '127.0.0.1', NULL, '2024-02-27 00:38:45', 0, 0, 'https://img.freepik.com/premium-vector/man-avatar-icon-flat-illustration-man-avatar-vector-icon-any-web-design_98396-3379.jpg', NULL, NULL, NULL),
(50, 'linhlu', 'linhlu', '$pbkdf2-sha256$29000$KIXQGkPovXcOwZjzXsv5nw$QjgDmawKQvf1QhzC3PXBA1LQylYZdrTvqYPQ5Mc4cpg', 'lin@gmail.com', NULL, NULL, NULL, NULL, NULL, 0, '127.0.0.1', NULL, '2024-02-27 00:41:47', 0, 0, 'https://img.freepik.com/premium-vector/man-avatar-icon-flat-illustration-man-avatar-vector-icon-any-web-design_98396-3379.jpg', NULL, NULL, NULL),
(54, 'linhl1u', 'linhl1u', '$pbkdf2-sha256$29000$q1XKOefc2/t/b805BwCglA$BtdtJwmpsuYS9WULOmn0We0N3ol1970p8dmfyapGtSI', 'liqss@gmail.com', NULL, NULL, NULL, NULL, NULL, 0, '127.0.0.1', NULL, '2024-02-27 00:42:34', 0, 0, 'https://img.freepik.com/premium-vector/man-avatar-icon-flat-illustration-man-avatar-vector-icon-any-web-design_98396-3379.jpg', NULL, NULL, NULL),
(55, 'linhl1u1', 'linhl1u1', '$pbkdf2-sha256$29000$l/J.zzln7D1HyJmTEmLsvQ$LUsVL/VwNp.XH5jOb7zJl7ftVOYrkXcssvJJV.i3bf8', 'laiqss@gmail.com', NULL, NULL, NULL, NULL, NULL, 0, '127.0.0.1', NULL, '2024-02-27 00:43:37', 0, 0, 'https://img.freepik.com/premium-vector/man-avatar-icon-flat-illustration-man-avatar-vector-icon-any-web-design_98396-3379.jpg', NULL, NULL, NULL),
(58, 'linhl1u13', 'linhl1u13', '$pbkdf2-sha256$29000$P.dcy7mXUupdC6GUci6FEA$gWQAz7ag7Wt4ZYYSeer5pSzwYS/rc1.qMt/GfrPd3SM', 'laiq3ss@gmail.com', NULL, NULL, NULL, NULL, NULL, 0, '127.0.0.1', NULL, '2024-02-27 00:44:10', 0, 0, 'https://img.freepik.com/premium-vector/man-avatar-icon-flat-illustration-man-avatar-vector-icon-any-web-design_98396-3379.jpg', NULL, NULL, NULL),
(60, 'linhl1u134', 'linhl1u134', '$pbkdf2-sha256$29000$WotxrpXSeg9BCAEAQMj5fw$nVYet1JlbwsoQ4LvFVAwl62QS3/mFtXg4iNlyU.LVlI', 'lai2q3ss@gmail.com', NULL, NULL, NULL, NULL, NULL, 0, '127.0.0.1', NULL, '2024-02-27 00:51:38', 0, 0, 'https://img.freepik.com/premium-vector/man-avatar-icon-flat-illustration-man-avatar-vector-icon-any-web-design_98396-3379.jpg', NULL, NULL, NULL),
(62, 'linhl1u1341', 'linhl1u1341', '$pbkdf2-sha256$29000$Q4ix1rrXGiPknNO6F6L03g$.kNpe6oNYO8asAI0mPGaFnYcjEFd/ZZTZmHa0Hnqa4Q', 'lai2q3ss1@gmail.com', NULL, NULL, NULL, NULL, NULL, 0, '127.0.0.1', NULL, '2024-02-27 09:50:23', 0, 0, 'https://img.freepik.com/premium-vector/man-avatar-icon-flat-illustration-man-avatar-vector-icon-any-web-design_98396-3379.jpg', NULL, NULL, NULL),
(63, 'linhl1u13412', 'linhl1u13412', '$pbkdf2-sha256$29000$BgBAiDHmvDemdG7NWWstpQ$dSJl/PsG5ukjNsnhUHdn/vThWhiFXnMCSs6.UQfhDJg', 'lai2q3ss13@gmail.com', NULL, NULL, NULL, NULL, NULL, 0, '127.0.0.1', NULL, '2024-02-27 09:51:58', 0, 0, 'https://img.freepik.com/premium-vector/man-avatar-icon-flat-illustration-man-avatar-vector-icon-any-web-design_98396-3379.jpg', NULL, NULL, NULL),
(67, 'weeds', 'weeds', '$pbkdf2-sha256$29000$YGxt7T0HQKg1prSWMgYAYA$HPgbJ0AnTMyZ6m.elKu5o87fFz1q1DiSNRNbEFhLHTs', 'lam123@gmail.com', NULL, NULL, NULL, NULL, NULL, 0, '127.0.0.1', NULL, '2024-02-27 15:39:41', 0, 0, 'https://img.freepik.com/premium-vector/man-avatar-icon-flat-illustration-man-avatar-vector-icon-any-web-design_98396-3379.jpg', NULL, NULL, NULL),
(70, 'linh10', 'linh10', '$pbkdf2-sha256$29000$uTfGWMuZE.L8PwfgfA8BoA$FGNHdFK3dKPM/2.PZcaJDdSSDf1yOEa0qtq38O4muag', 'linh10@gmail.com', NULL, NULL, NULL, NULL, NULL, 0, '127.0.0.1', NULL, '2024-02-28 12:03:44', 0, 0, 'https://img.freepik.com/premium-vector/man-avatar-icon-flat-illustration-man-avatar-vector-icon-any-web-design_98396-3379.jpg', NULL, NULL, NULL),
(71, 'linh11', 'linh11', '$pbkdf2-sha256$29000$Q.g9B8AYYwzhHAMg5LzX2g$wMmE/EPvLOTw.7YXHeLuWfj17ZWoYrW7YNDxDxjH9Yo', 'linh11@gmail.com', NULL, NULL, NULL, NULL, NULL, 0, '127.0.0.1', NULL, '2024-02-28 12:04:00', 0, 0, 'https://img.freepik.com/premium-vector/man-avatar-icon-flat-illustration-man-avatar-vector-icon-any-web-design_98396-3379.jpg', NULL, NULL, NULL),
(72, 'linh15', 'linh15', '$pbkdf2-sha256$29000$P.d8T4lRSqlVylnL2TunlA$VIxnkj16aYsg.bv1pvFXZcyM/yb6V7JMTQFDVy.qChA', 'linh15@gmail.com', NULL, NULL, NULL, NULL, NULL, 0, '127.0.0.1', NULL, '2024-02-28 12:04:09', 0, 0, 'https://img.freepik.com/premium-vector/man-avatar-icon-flat-illustration-man-avatar-vector-icon-any-web-design_98396-3379.jpg', NULL, NULL, NULL),
(73, 'linh166', 'linh166', '$pbkdf2-sha256$29000$FULImXOudQ6BsNaa0/ofQw$/1ziAoo1/v69aRf1BH2/Z4CRSr79YuxwxHqWqY/h/cA', 'linh166@gmail.com', NULL, NULL, NULL, NULL, NULL, 0, '127.0.0.1', NULL, '2024-02-28 12:04:34', 0, 0, 'https://img.freepik.com/premium-vector/man-avatar-icon-flat-illustration-man-avatar-vector-icon-any-web-design_98396-3379.jpg', NULL, NULL, NULL),
(77, 'linhlinh', 'linh1661', '$pbkdf2-sha256$29000$zBmjVIqR8r73fo.xFsKYEw$d80xRzlZ9piKu6E3qC/dWk1KGdPunPFxl.4Vz945qaQ', 'linh1616@gmail.com', NULL, NULL, NULL, NULL, NULL, 0, '127.0.0.1', NULL, '2024-02-28 12:06:00', 0, 0, 'https://img.freepik.com/premium-vector/man-avatar-icon-flat-illustration-man-avatar-vector-icon-any-web-design_98396-3379.jpg', NULL, NULL, NULL),
(79, 'linhlinh', 'linh16611', '$pbkdf2-sha256$29000$7d2bkxLi3Ls3Zqz1HgMAgA$ZHFLsQbIQUCJIjHr.yzB1t5znAe3V24REZHLif/sabY', 'linh16161@gmail.com', NULL, NULL, NULL, NULL, NULL, 0, '127.0.0.1', NULL, '2024-02-28 12:07:02', 0, 0, 'https://img.freepik.com/premium-vector/man-avatar-icon-flat-illustration-man-avatar-vector-icon-any-web-design_98396-3379.jpg', NULL, NULL, NULL),
(81, 'linhlinh', 'linh16612', '$pbkdf2-sha256$29000$0xpj7F2rtZZyzjnHmBPiHA$p7G7EtX3psUzIT1t.ITpL6tU47Dv73uwE1W83V2HZfA', 'linh16162@gmail.com', NULL, NULL, NULL, NULL, NULL, 0, '127.0.0.1', NULL, '2024-02-28 12:07:21', 0, 0, 'https://img.freepik.com/premium-vector/man-avatar-icon-flat-illustration-man-avatar-vector-icon-any-web-design_98396-3379.jpg', NULL, NULL, NULL),
(83, 'linhlinh', 'linh166112', '$pbkdf2-sha256$29000$vdeaE6I0pvT.X2stJSRESA$bR8AlqMAih0K5OouRq35xBH2uCkQZRdiwRyMyM3tlPk', 'linh161162@gmail.com', NULL, NULL, NULL, NULL, NULL, 0, '127.0.0.1', NULL, '2024-02-28 13:03:28', 0, 0, 'https://img.freepik.com/premium-vector/man-avatar-icon-flat-illustration-man-avatar-vector-icon-any-web-design_98396-3379.jpg', NULL, NULL, NULL),
(87, 'linhlinh1', 'linh100', '$pbkdf2-sha256$29000$CqEUQkjJmTPmfO9dCyHEGA$elqK.Uh.U4ESo5jogR/qYRjbWzF6kYX6NAf8hxe8VnA', 'linh100@gmail.com', NULL, NULL, NULL, NULL, NULL, 0, '127.0.0.1', NULL, '2024-02-28 15:48:48', 0, 0, 'https://encrypted-tbn0.gstatic.com/images?q=tbn%3AANd9GcS9Zde21fi2AnY9_C17tqYi8DO25lRM_yAa7Q&usqp=CAU&fbclid=IwAR16g1ONptpUiKuDIt37LRxU3FTZck1cv9HDywe9VWxWSQBwcuGNfB7JUw4', NULL, NULL, NULL),
(88, 'linhlinh1', 'linh1000', '$pbkdf2-sha256$29000$bS3FGKN0bq21FmIMAYCQEg$9kQ6Wlvj3rzM1afhqJ.IBREpGrObp0MfHgc0AVDL7rw', 'linh1000@gmail.com', NULL, NULL, NULL, NULL, NULL, 0, '127.0.0.1', NULL, '2024-02-28 15:49:03', 0, 0, 'https://encrypted-tbn0.gstatic.com/images?q=tbn%3AANd9GcS9Zde21fi2AnY9_C17tqYi8DO25lRM_yAa7Q&usqp=CAU&fbclid=IwAR16g1ONptpUiKuDIt37LRxU3FTZck1cv9HDywe9VWxWSQBwcuGNfB7JUw4', NULL, NULL, NULL),
(90, 'linhlinh1', 'linh2000', '$pbkdf2-sha256$29000$J6S0Nsa4956TsjZmDMHYuw$g5ovE964yjZEhOk0KFi3Ojr5HDxbKafbFMaKDeD2.Z0', 'linh202@gmail.com', NULL, NULL, NULL, NULL, NULL, 0, '127.0.0.1', NULL, '2024-02-28 15:50:23', 0, 0, 'https://encrypted-tbn0.gstatic.com/images?q=tbn%3AANd9GcS9Zde21fi2AnY9_C17tqYi8DO25lRM_yAa7Q&usqp=CAU&fbclid=IwAR16g1ONptpUiKuDIt37LRxU3FTZck1cv9HDywe9VWxWSQBwcuGNfB7JUw4', NULL, NULL, NULL),
(91, 'linhlinh1', 'linh203', '$pbkdf2-sha256$29000$1vp/z9lbK0XIeQ/BuPeekw$Ri34RCnKxB6rJMoS/DVlmgrH0O28Z/loKoQbJPLeYmg', 'linh203@gmail.com', NULL, NULL, NULL, NULL, NULL, 0, '127.0.0.1', NULL, '2024-02-28 15:51:00', 0, 0, 'https://encrypted-tbn0.gstatic.com/images?q=tbn%3AANd9GcS9Zde21fi2AnY9_C17tqYi8DO25lRM_yAa7Q&usqp=CAU&fbclid=IwAR16g1ONptpUiKuDIt37LRxU3FTZck1cv9HDywe9VWxWSQBwcuGNfB7JUw4', NULL, NULL, NULL),
(93, 'linhlinh1', 'linh204', '$pbkdf2-sha256$29000$LIUwpvQ.B.A8hxBiLCUEAA$u0hKJURgCaPBBXLfG3SSaYwdyBtb0ZsxoLRbd2aikCs', 'linh204@gmail.com', NULL, NULL, NULL, NULL, NULL, 0, '127.0.0.1', NULL, '2024-02-28 15:51:57', 0, 0, 'https://encrypted-tbn0.gstatic.com/images?q=tbn%3AANd9GcS9Zde21fi2AnY9_C17tqYi8DO25lRM_yAa7Q&usqp=CAU&fbclid=IwAR16g1ONptpUiKuDIt37LRxU3FTZck1cv9HDywe9VWxWSQBwcuGNfB7JUw4', NULL, NULL, NULL),
(95, 'linhlinh1', 'linh205', '$pbkdf2-sha256$29000$SKlV6l3r3Xvv3ZtT6v2/dw$xbKyNFJZPcimWLjyxLv6bFtvIjWnWvtFjSieJqqZTEs', 'linh205@gmail.com', NULL, NULL, NULL, NULL, NULL, 0, '127.0.0.1', NULL, '2024-02-28 15:53:50', 0, 0, 'https://encrypted-tbn0.gstatic.com/images?q=tbn%3AANd9GcS9Zde21fi2AnY9_C17tqYi8DO25lRM_yAa7Q&usqp=CAU&fbclid=IwAR16g1ONptpUiKuDIt37LRxU3FTZck1cv9HDywe9VWxWSQBwcuGNfB7JUw4', NULL, NULL, NULL),
(97, 'linhlinh1', 'linh206', '$pbkdf2-sha256$29000$5fzfGyOEkPIeo5RSKgXAGA$XjIIiyHalfI1thnR7rMOHTa4jl3SmcZYN1IOkeWkQXo', 'linh206@gmail.com', NULL, NULL, NULL, NULL, NULL, 0, '127.0.0.1', NULL, '2024-02-28 16:16:56', 0, 0, 'https://encrypted-tbn0.gstatic.com/images?q=tbn%3AANd9GcS9Zde21fi2AnY9_C17tqYi8DO25lRM_yAa7Q&usqp=CAU&fbclid=IwAR16g1ONptpUiKuDIt37LRxU3FTZck1cv9HDywe9VWxWSQBwcuGNfB7JUw4', NULL, NULL, NULL),
(98, 'linhlinh1', 'linh207', '$pbkdf2-sha256$29000$S0nJ.Z.z1vo/xxhDKCUkpA$gygDVo7QrVie.t7b2VkX9vH6X6R0hG90q0rDjQFhiEs', 'linh207@gmail.com', NULL, NULL, NULL, NULL, NULL, 0, '127.0.0.1', '113.178.49.22', '2024-02-28 16:18:59', 0, 0, 'https://encrypted-tbn0.gstatic.com/images?q=tbn%3AANd9GcS9Zde21fi2AnY9_C17tqYi8DO25lRM_yAa7Q&usqp=CAU&fbclid=IwAR16g1ONptpUiKuDIt37LRxU3FTZck1cv9HDywe9VWxWSQBwcuGNfB7JUw4', NULL, NULL, NULL),
(100, 'linhlinh1', 'linh208', '$pbkdf2-sha256$29000$uPdeK.W8l3Kuda4VYmzt3Q$wxhKjmHO2vtxjfGVdBN1P9sHbWkhY/yZp2Lq0lx3jgs', 'linh208@gmail.com', NULL, NULL, NULL, NULL, NULL, 0, '127.0.0.1', '113.178.49.22', '2024-03-04 13:02:41', 1, 0, 'https://encrypted-tbn0.gstatic.com/images?q=tbn%3AANd9GcS9Zde21fi2AnY9_C17tqYi8DO25lRM_yAa7Q&usqp=CAU&fbclid=IwAR16g1ONptpUiKuDIt37LRxU3FTZck1cv9HDywe9VWxWSQBwcuGNfB7JUw4', NULL, NULL, NULL),
(102, 'linhlinh1', 'linh2081', '$pbkdf2-sha256$29000$836vFUII4bw3RqgVAuCcsw$JiRVHRVlFMDn/AUARrlUjCrdKvkJuaaZvb6DVsdbWuk', 'linh1208@gmail.com', NULL, NULL, NULL, NULL, NULL, NULL, '127.0.0.1', '113.178.49.22', '2024-03-06 14:34:18', 1, 0, 'https://encrypted-tbn0.gstatic.com/images?q=tbn%3AANd9GcS9Zde21fi2AnY9_C17tqYi8DO25lRM_yAa7Q&usqp=CAU&fbclid=IwAR16g1ONptpUiKuDIt37LRxU3FTZck1cv9HDywe9VWxWSQBwcuGNfB7JUw4', NULL, NULL, NULL),
(103, 'thanh thanh ', 'thanh', '$pbkdf2-sha256$29000$pzQmhDDmnNNaa.0dYyzlnA$03MRRpB8PsWiKskt4tlxeXdAtkPK2NapnjcyIuE6Pcw', 'thanh@gmail.com', NULL, NULL, NULL, NULL, NULL, NULL, '127.0.0.1', '113.178.49.22', '2024-03-04 13:36:46', 1, 0, 'https://encrypted-tbn0.gstatic.com/images?q=tbn%3AANd9GcS9Zde21fi2AnY9_C17tqYi8DO25lRM_yAa7Q&usqp=CAU&fbclid=IwAR16g1ONptpUiKuDIt37LRxU3FTZck1cv9HDywe9VWxWSQBwcuGNfB7JUw4', NULL, NULL, NULL),
(104, 'Đỗ Hưng ', 'tolahung', '$pbkdf2-sha256$29000$rHXOuTcm5Pxfi/GeM6YU4g$AAk9HyTEYZig/1h/YpZbOQOTtXXoHsb1qPw/NxAcP7Y', 'dotheviethung@gmail.com', NULL, NULL, NULL, NULL, NULL, NULL, '127.0.0.1', '123.16.198.5', '2024-03-12 13:16:15', 1, 0, 'https://encrypted-tbn0.gstatic.com/images?q=tbn%3AANd9GcS9Zde21fi2AnY9_C17tqYi8DO25lRM_yAa7Q&usqp=CAU&fbclid=IwAR16g1ONptpUiKuDIt37LRxU3FTZck1cv9HDywe9VWxWSQBwcuGNfB7JUw4', NULL, NULL, NULL),
(105, 'Beokute', 'hung123321', '$pbkdf2-sha256$29000$ai2FMAbgfM85x3hvDeF8Tw$7oPkxEXMB.iOgM8qxoWjmArimSJOOkh5JN6ICPOJYrM', 'thgkjgjgv251@gmail.com', NULL, NULL, NULL, NULL, NULL, NULL, '127.0.0.1', '1', '2024-03-04 14:52:04', 0, 0, 'https://encrypted-tbn0.gstatic.com/images?q=tbn%3AANd9GcS9Zde21fi2AnY9_C17tqYi8DO25lRM_yAa7Q&usqp=CAU&fbclid=IwAR16g1ONptpUiKuDIt37LRxU3FTZck1cv9HDywe9VWxWSQBwcuGNfB7JUw4', NULL, NULL, NULL),
(107, 'Beokute', 'hung123321111', '$pbkdf2-sha256$29000$9p5zbs0ZY4yx9l6rFWKMEQ$QYT1yTGLKvgpiMzrcyBxqMCuUh4lw26y4QBC1JxrpBA', 'thgkjgjgv1111251@gmail.com', NULL, NULL, NULL, NULL, NULL, NULL, '127.0.0.1', '1', '2024-03-04 14:57:31', 0, 0, 'https://encrypted-tbn0.gstatic.com/images?q=tbn%3AANd9GcS9Zde21fi2AnY9_C17tqYi8DO25lRM_yAa7Q&usqp=CAU&fbclid=IwAR16g1ONptpUiKuDIt37LRxU3FTZck1cv9HDywe9VWxWSQBwcuGNfB7JUw4', NULL, NULL, NULL),
(109, 'Beokute', 'hung1233211111111111', '$pbkdf2-sha256$29000$xxjj3Dun1FqrtTamNOYcAw$EuC8aP.wwQLZ.87zHXHG9rNnTGI2fF8PyXtNp94ckKQ', 'thgkjgj2222gv251@gmail.com', NULL, NULL, NULL, NULL, NULL, NULL, '127.0.0.1', '1', '2024-03-04 14:59:14', 0, 0, 'https://encrypted-tbn0.gstatic.com/images?q=tbn%3AANd9GcS9Zde21fi2AnY9_C17tqYi8DO25lRM_yAa7Q&usqp=CAU&fbclid=IwAR16g1ONptpUiKuDIt37LRxU3FTZck1cv9HDywe9VWxWSQBwcuGNfB7JUw4', NULL, NULL, NULL),
(110, 'Beokute', 'hung12332169999', '$pbkdf2-sha256$29000$3nsvBWAMQQhhLCVk7J2Tsg$USpWNFadZrQbA0K6nblxs0hE4Mlkc5WmrUm3DTNbnjc', 'thgkjgj222214596782222gv251@gmail.com', NULL, NULL, NULL, NULL, NULL, NULL, '127.0.0.1', '1', '2024-03-04 15:05:48', 0, 0, 'https://encrypted-tbn0.gstatic.com/images?q=tbn%3AANd9GcS9Zde21fi2AnY9_C17tqYi8DO25lRM_yAa7Q&usqp=CAU&fbclid=IwAR16g1ONptpUiKuDIt37LRxU3FTZck1cv9HDywe9VWxWSQBwcuGNfB7JUw4', NULL, NULL, NULL),
(111, 'Beokute', 'hung1233211077821', '$pbkdf2-sha256$29000$M0YoRSiltDamVArhvJdSKg$s7bG281zdDU5Lod8GA70YAfhrt8fVpLcjxOt/pXIHfo', 'thgkjgj2222g1111v251@gmail.com', NULL, NULL, NULL, NULL, NULL, NULL, '127.0.0.1', '1', '2024-03-04 15:07:13', 0, 0, 'https://encrypted-tbn0.gstatic.com/images?q=tbn%3AANd9GcS9Zde21fi2AnY9_C17tqYi8DO25lRM_yAa7Q&usqp=CAU&fbclid=IwAR16g1ONptpUiKuDIt37LRxU3FTZck1cv9HDywe9VWxWSQBwcuGNfB7JUw4', NULL, NULL, NULL),
(113, 'Beokute', 'hung1233216969', '$pbkdf2-sha256$29000$2hvDWEtpjVEK4VwLgRACQA$BRyV9SCNtgXT3.XtWtLa49Pv7ng/2IUPmrZJ2VdFgZk', 'thgkjgj2222g1111v11111111111251@gmail.com', NULL, NULL, NULL, NULL, NULL, NULL, '127.0.0.1', '1', '2024-03-04 15:11:31', 0, 0, 'https://encrypted-tbn0.gstatic.com/images?q=tbn%3AANd9GcS9Zde21fi2AnY9_C17tqYi8DO25lRM_yAa7Q&usqp=CAU&fbclid=IwAR16g1ONptpUiKuDIt37LRxU3FTZck1cv9HDywe9VWxWSQBwcuGNfB7JUw4', NULL, NULL, NULL),
(114, 'Beokute', 'hung12332111111213', '$pbkdf2-sha256$29000$fW9NqdXa.78XgpDyfs/53w$eIsJwRG37cdEPBkR9OZsAtY3HxyHPIqaLPZrrZNFA5I', 'thgkjgj223596782222gv251@gmail.com', NULL, NULL, NULL, NULL, NULL, NULL, '127.0.0.1', '1', '2024-03-04 15:15:10', 0, 0, 'https://encrypted-tbn0.gstatic.com/images?q=tbn%3AANd9GcS9Zde21fi2AnY9_C17tqYi8DO25lRM_yAa7Q&usqp=CAU&fbclid=IwAR16g1ONptpUiKuDIt37LRxU3FTZck1cv9HDywe9VWxWSQBwcuGNfB7JUw4', NULL, NULL, NULL),
(115, 'Beokute', 'hung1233216966', '$pbkdf2-sha256$29000$LiXkvPd.j9FaS0nJuddaaw$4X5izAob7NtoP9b5hYAUFEAv6zmLo6kM0qrxFnOR7Pg', 'thgkjgjgv25691@gmail.com', NULL, NULL, NULL, NULL, NULL, NULL, '127.0.0.1', '1', '2024-03-04 15:17:32', 0, 0, 'https://encrypted-tbn0.gstatic.com/images?q=tbn%3AANd9GcS9Zde21fi2AnY9_C17tqYi8DO25lRM_yAa7Q&usqp=CAU&fbclid=IwAR16g1ONptpUiKuDIt37LRxU3FTZck1cv9HDywe9VWxWSQBwcuGNfB7JUw4', NULL, NULL, NULL),
(116, 'Beokute', 'beokute69', '$pbkdf2-sha256$29000$PkeIkfLeW8tZq/Xee8.Zcw$Opz02LmagOgL0owD/RN2/csCLSUFE9T96E54uMltzA0', 'tunalph4ev@gmail.com', NULL, NULL, NULL, NULL, NULL, NULL, '127.0.0.1', '1', '2024-03-04 15:18:00', 0, 0, 'https://encrypted-tbn0.gstatic.com/images?q=tbn%3AANd9GcS9Zde21fi2AnY9_C17tqYi8DO25lRM_yAa7Q&usqp=CAU&fbclid=IwAR16g1ONptpUiKuDIt37LRxU3FTZck1cv9HDywe9VWxWSQBwcuGNfB7JUw4', NULL, NULL, NULL),
(118, 'quoc', 'quoc2002', '$pbkdf2-sha256$29000$WuvdO2eMsbZWCkFIaQ0BQA$troy2qFam7uFv1TsRTgSy0/qZHToRjN1c05If.Al3iE', 'quoc@gmail.com', NULL, NULL, NULL, NULL, NULL, NULL, '127.0.0.1', '113.178.49.22', '2024-03-04 16:40:39', 0, 0, 'https://encrypted-tbn0.gstatic.com/images?q=tbn%3AANd9GcS9Zde21fi2AnY9_C17tqYi8DO25lRM_yAa7Q&usqp=CAU&fbclid=IwAR16g1ONptpUiKuDIt37LRxU3FTZck1cv9HDywe9VWxWSQBwcuGNfB7JUw4', NULL, NULL, NULL),
(120, 'linhlinh1', 'linh209', '$pbkdf2-sha256$29000$TqlVCqHUOqcUgnDuHYMwhg$h2lZZgqeLzR76GobT..dt1LsSQuORvGuAv0TDIh.crM', 'linh209@gmail.com', NULL, NULL, NULL, NULL, NULL, NULL, '127.0.0.1', '113.178.49.22', '2024-03-04 18:57:10', 0, 0, 'https://encrypted-tbn0.gstatic.com/images?q=tbn%3AANd9GcS9Zde21fi2AnY9_C17tqYi8DO25lRM_yAa7Q&usqp=CAU&fbclid=IwAR16g1ONptpUiKuDIt37LRxU3FTZck1cv9HDywe9VWxWSQBwcuGNfB7JUw4', NULL, NULL, NULL),
(126, 'Beokute', 'hung12332110', '$pbkdf2-sha256$29000$QKiV0hoDIGSMcS4lRMhZyw$JvHfIeyrhxQuRfZcGLVVcFI/Ke/4btjJN3qqIMb.afM', 'thgkjgjgv14251@gmail.com', NULL, NULL, NULL, NULL, NULL, NULL, '127.0.0.1', '1', '2024-03-04 19:42:14', 0, 0, 'https://encrypted-tbn0.gstatic.com/images?q=tbn%3AANd9GcS9Zde21fi2AnY9_C17tqYi8DO25lRM_yAa7Q&usqp=CAU&fbclid=IwAR16g1ONptpUiKuDIt37LRxU3FTZck1cv9HDywe9VWxWSQBwcuGNfB7JUw4', NULL, NULL, NULL),
(127, 'Beokute', 'hung12332163', '$pbkdf2-sha256$29000$F2Lsfc/Z2zuHcO59790b4w$dmN4hxScEsPgoPkjjosMKJm9gwC1L0Tx15pkjqxq0mk', 'thgkjgj22221456782222gv251@gmail.com', NULL, NULL, NULL, NULL, NULL, NULL, '127.0.0.1', '1', '2024-03-04 19:43:41', 0, 0, 'https://encrypted-tbn0.gstatic.com/images?q=tbn%3AANd9GcS9Zde21fi2AnY9_C17tqYi8DO25lRM_yAa7Q&usqp=CAU&fbclid=IwAR16g1ONptpUiKuDIt37LRxU3FTZck1cv9HDywe9VWxWSQBwcuGNfB7JUw4', NULL, NULL, NULL),
(130, 'Nguyen Trang', 'trang123', '$pbkdf2-sha256$29000$6v0fg/Ce8x4jpHTunVMqZQ$XdsSBnueRgIwQosphbaiyuGcnP3yQIiPyjbkFhM.sRE', 'trang12345@gmail.com', NULL, NULL, NULL, NULL, NULL, NULL, '127.0.0.1', '103.224.168.28', '2024-03-05 12:32:41', 1, 0, 'https://encrypted-tbn0.gstatic.com/images?q=tbn%3AANd9GcS9Zde21fi2AnY9_C17tqYi8DO25lRM_yAa7Q&usqp=CAU&fbclid=IwAR16g1ONptpUiKuDIt37LRxU3FTZck1cv9HDywe9VWxWSQBwcuGNfB7JUw4', NULL, NULL, NULL),
(131, 'linhlinh1', 'linh20869', '$pbkdf2-sha256$29000$lrIWgtCaE4LwnrM2hpBy7g$03BeMqPEc1G3dAQqwqEbrli59zfEgcKhJmqjfEvFtpA', 'linh20869@gmail.com', NULL, NULL, NULL, NULL, NULL, NULL, '127.0.0.1', '113.178.49.22', '2024-03-05 13:42:57', 0, 0, 'https://encrypted-tbn0.gstatic.com/images?q=tbn%3AANd9GcS9Zde21fi2AnY9_C17tqYi8DO25lRM_yAa7Q&usqp=CAU&fbclid=IwAR16g1ONptpUiKuDIt37LRxU3FTZck1cv9HDywe9VWxWSQBwcuGNfB7JUw4', NULL, NULL, NULL),
(132, 'linhlinh1', 'linh208699', '$pbkdf2-sha256$29000$UUppbc2ZUypl7J3T.h/jfA$L85x2.rAZFbO8CEQgPgAtNiHOOQFRSHoIkWudWEoi9o', 'linh208699@gmail.com', NULL, 'Nam', NULL, NULL, NULL, NULL, '127.0.0.1', '113.178.49.22', '2024-03-05 13:46:56', 0, 0, 'https://encrypted-tbn0.gstatic.com/images?q=tbn%3AANd9GcS9Zde21fi2AnY9_C17tqYi8DO25lRM_yAa7Q&usqp=CAU&fbclid=IwAR16g1ONptpUiKuDIt37LRxU3FTZck1cv9HDywe9VWxWSQBwcuGNfB7JUw4', NULL, NULL, NULL),
(133, 'Hung do the', 'Hungheo', '$pbkdf2-sha256$29000$BaAUYmwtRUipdQ7BuJey9g$5Havb.8HAzSKAMF1yBjxg09E1e8Kv8jHdEff6UUb/tY', 'khoacoj91@gmail.com', NULL, 'Nam', NULL, NULL, NULL, NULL, '127.0.0.1', '1', '2024-03-07 13:51:52', 0, 0, 'https://encrypted-tbn0.gstatic.com/images?q=tbn%3AANd9GcS9Zde21fi2AnY9_C17tqYi8DO25lRM_yAa7Q&usqp=CAU&fbclid=IwAR16g1ONptpUiKuDIt37LRxU3FTZck1cv9HDywe9VWxWSQBwcuGNfB7JUw4', NULL, NULL, NULL),
(134, 'Do the viet hung', 'NguyenHung', '$pbkdf2-sha256$29000$hZAyBuC8t/ZeS2mN8V6rtQ$HTbM5mPS8bVvoETjZ3CTDR1MuELKfOieY5qTbiiS68Y', 'hunghung@gmail.com', NULL, 'Nam', NULL, NULL, NULL, NULL, '127.0.0.1', '113.178.49.22', '2024-03-12 17:09:40', 1, 0, 'https://encrypted-tbn0.gstatic.com/images?q=tbn%3AANd9GcS9Zde21fi2AnY9_C17tqYi8DO25lRM_yAa7Q&usqp=CAU&fbclid=IwAR16g1ONptpUiKuDIt37LRxU3FTZck1cv9HDywe9VWxWSQBwcuGNfB7JUw4', NULL, NULL, NULL),
(136, 'linhlinh1', 'linh210', '$pbkdf2-sha256$29000$HSOEEOI8Z6zV2nsvJcS41w$buifSmTdNRigQdTNyRujkmrgKm3oEESk8DNiMeIBtDs', 'linh210@gmail.com', NULL, 'Nam', NULL, NULL, NULL, NULL, '127.0.0.1', '113.178.49.22', '2024-03-08 13:27:18', 0, 0, 'https://encrypted-tbn0.gstatic.com/images?q=tbn%3AANd9GcS9Zde21fi2AnY9_C17tqYi8DO25lRM_yAa7Q&usqp=CAU&fbclid=IwAR16g1ONptpUiKuDIt37LRxU3FTZck1cv9HDywe9VWxWSQBwcuGNfB7JUw4', NULL, NULL, NULL),
(137, 'linh1231', 'linh1231', '$pbkdf2-sha256$29000$BWAMYYzxfs.Zk1IqBaD0vg$avjCdHLIezzExLK4cmyP6tIZXerrnA3zBYoU6h1H4xM', 'linh213@gmail.com', NULL, 'Nam', NULL, NULL, NULL, NULL, '127.0.0.1', '113.178.49.22', '2024-03-11 11:11:29', 0, 0, 'https://encrypted-tbn0.gstatic.com/images?q=tbn%3AANd9GcS9Zde21fi2AnY9_C17tqYi8DO25lRM_yAa7Q&usqp=CAU&fbclid=IwAR16g1ONptpUiKuDIt37LRxU3FTZck1cv9HDywe9VWxWSQBwcuGNfB7JUw4', NULL, NULL, NULL),
(147, 'linhqwe', 'linhqwe', '$pbkdf2-sha256$29000$TundG0NozVlrzfl/T8n5/w$IxHjZW.MxjB9cwZE419LkiL7lurEoy3vcoYYrUENtxM', 'linqweeqweh@gmail.com', NULL, 'Nam', NULL, NULL, NULL, NULL, '127.0.0.1', '113.178.49.22', '2024-03-11 11:18:24', 0, 0, 'https://encrypted-tbn0.gstatic.com/images?q=tbn%3AANd9GcS9Zde21fi2AnY9_C17tqYi8DO25lRM_yAa7Q&usqp=CAU&fbclid=IwAR16g1ONptpUiKuDIt37LRxU3FTZck1cv9HDywe9VWxWSQBwcuGNfB7JUw4', NULL, NULL, NULL),
(151, 'linhlinhlinhlinhlnihlnhin', 'linhlinhlinhlinhlnihlnhin', '$pbkdf2-sha256$29000$eO.dE6IUorS21jrnnJMyRg$wPLswx6TApfydGANGcn5T0Kq8Sq0QdkgOlCni5aVcvQ', 'aSlinqweeqweh@gmail.com', NULL, 'Nam', NULL, NULL, NULL, NULL, '127.0.0.1', '113.178.49.22', '2024-03-11 11:19:45', 0, 0, 'https://encrypted-tbn0.gstatic.com/images?q=tbn%3AANd9GcS9Zde21fi2AnY9_C17tqYi8DO25lRM_yAa7Q&usqp=CAU&fbclid=IwAR16g1ONptpUiKuDIt37LRxU3FTZck1cv9HDywe9VWxWSQBwcuGNfB7JUw4', NULL, NULL, NULL),
(153, 'linhlinh1', 'linh211', '$pbkdf2-sha256$29000$ZywFoHRubW1tjXEOQSiFsA$aboNKsCUizlqVY5hrXe9RTnRg2VwDgOPs6/bcjOoNkA', 'linh211@gmail.com', NULL, 'Nam', NULL, NULL, NULL, NULL, '127.0.0.1', '113.178.49.22', '2024-03-11 11:23:31', 0, 0, 'https://encrypted-tbn0.gstatic.com/images?q=tbn%3AANd9GcS9Zde21fi2AnY9_C17tqYi8DO25lRM_yAa7Q&usqp=CAU&fbclid=IwAR16g1ONptpUiKuDIt37LRxU3FTZck1cv9HDywe9VWxWSQBwcuGNfB7JUw4', NULL, NULL, NULL),
(156, 'linh212', 'linh212', '$pbkdf2-sha256$29000$IMRYqxXiPCfEWCslxFjLOQ$TLn4wG5uA0mxPOyVenaxES8bW2eafqcAsyKcQLQOf9Q', 'linh212@gmail.com', NULL, 'Nam', NULL, NULL, NULL, NULL, '127.0.0.1', '113.178.49.22', '2024-03-11 11:25:08', 0, 0, 'https://encrypted-tbn0.gstatic.com/images?q=tbn%3AANd9GcS9Zde21fi2AnY9_C17tqYi8DO25lRM_yAa7Q&usqp=CAU&fbclid=IwAR16g1ONptpUiKuDIt37LRxU3FTZck1cv9HDywe9VWxWSQBwcuGNfB7JUw4', NULL, NULL, NULL),
(159, 'linhlinh1', 'linh214', '$pbkdf2-sha256$29000$TonRuvdeC2FsTekdAwDgPA$klJ6eviZDOKVtZJ7dv83sz9x4xuvmJqWlbzLR5kRllU', 'linh214@gmail.com', NULL, 'Nam', NULL, NULL, NULL, NULL, '127.0.0.1', '113.178.49.22', '2024-03-11 11:25:31', 0, 0, 'https://encrypted-tbn0.gstatic.com/images?q=tbn%3AANd9GcS9Zde21fi2AnY9_C17tqYi8DO25lRM_yAa7Q&usqp=CAU&fbclid=IwAR16g1ONptpUiKuDIt37LRxU3FTZck1cv9HDywe9VWxWSQBwcuGNfB7JUw4', NULL, NULL, NULL),
(160, 'linh215', 'linh215', '$pbkdf2-sha256$29000$pFRKac1Zy5nTuhdiTMlZaw$bF3psiKL47IDnH.3.pfPrswuUp./8xjRna2pzXHqEtU', 'linh215@gmail.com', NULL, 'Nam', NULL, NULL, NULL, NULL, '127.0.0.1', '113.178.49.22', '2024-03-11 11:25:54', 0, 0, 'https://encrypted-tbn0.gstatic.com/images?q=tbn%3AANd9GcS9Zde21fi2AnY9_C17tqYi8DO25lRM_yAa7Q&usqp=CAU&fbclid=IwAR16g1ONptpUiKuDIt37LRxU3FTZck1cv9HDywe9VWxWSQBwcuGNfB7JUw4', NULL, NULL, NULL),
(162, 'linhlinh1', '6', '$pbkdf2-sha256$29000$2/s/h9A6x5jzHuP835tzTg$a9PN/P9uXTYjhBjC4U/j6WfteXjO.LyJiuyXnESBa50', 'linh216@gmail.com', NULL, 'Nam', NULL, NULL, NULL, NULL, '127.0.0.1', '113.178.49.22', '2024-03-11 11:26:18', 0, 0, 'https://encrypted-tbn0.gstatic.com/images?q=tbn%3AANd9GcS9Zde21fi2AnY9_C17tqYi8DO25lRM_yAa7Q&usqp=CAU&fbclid=IwAR16g1ONptpUiKuDIt37LRxU3FTZck1cv9HDywe9VWxWSQBwcuGNfB7JUw4', NULL, NULL, NULL),
(163, '1dsfgtyuhyijoik', '1dsfgtyuhyijoik', '$pbkdf2-sha256$29000$Y6zVWotRyhmDEMJYi9E6Jw$i7nIqjbrA4LMQxXvU482bjQsPofyDp6BSoFgH3F.iF8', 'szfxdgchjbklm@gmail.com', NULL, 'Nam', NULL, NULL, NULL, NULL, '127.0.0.1', '113.178.49.22', '2024-03-11 11:26:57', 0, 0, 'https://encrypted-tbn0.gstatic.com/images?q=tbn%3AANd9GcS9Zde21fi2AnY9_C17tqYi8DO25lRM_yAa7Q&usqp=CAU&fbclid=IwAR16g1ONptpUiKuDIt37LRxU3FTZck1cv9HDywe9VWxWSQBwcuGNfB7JUw4', NULL, NULL, NULL),
(164, 'linhlinh1', 'linh217', '$pbkdf2-sha256$29000$dU6JUYpxbm2tVSpF6F0rhQ$ulZx/2rzrl9F5IgkeAqWjeR1ckLIxT7sQFmz4S2erOw', 'linh217@gmail.com', NULL, 'Nam', NULL, NULL, NULL, NULL, '127.0.0.1', '113.178.49.22', '2024-03-11 11:27:55', 0, 0, 'https://encrypted-tbn0.gstatic.com/images?q=tbn%3AANd9GcS9Zde21fi2AnY9_C17tqYi8DO25lRM_yAa7Q&usqp=CAU&fbclid=IwAR16g1ONptpUiKuDIt37LRxU3FTZck1cv9HDywe9VWxWSQBwcuGNfB7JUw4', NULL, NULL, NULL),
(165, 'linh218', 'linh218', '$pbkdf2-sha256$29000$5byXUsoZA6C0ds75v7d27g$D90vs5FmKqhZqGfTjXxIIkmE/1Yooa1Qa8IAhow1YRg', 'linh218@gmail.com', NULL, 'Nam', NULL, NULL, NULL, NULL, '127.0.0.1', '113.178.49.22', '2024-03-11 11:35:08', 0, 0, 'https://encrypted-tbn0.gstatic.com/images?q=tbn%3AANd9GcS9Zde21fi2AnY9_C17tqYi8DO25lRM_yAa7Q&usqp=CAU&fbclid=IwAR16g1ONptpUiKuDIt37LRxU3FTZck1cv9HDywe9VWxWSQBwcuGNfB7JUw4', NULL, NULL, NULL),
(168, 'linh219', 'linh219', '$pbkdf2-sha256$29000$LgUgxHhPCQEgxLi3do4RYg$EtYSTTaxOb7P1CSRs0/ICleZyaWsehh7fakqlB3Q.NY', 'linh219@gmail.com', NULL, 'Nam', NULL, NULL, NULL, NULL, '127.0.0.1', '113.178.49.22', '2024-03-11 11:37:00', 0, 0, 'https://encrypted-tbn0.gstatic.com/images?q=tbn%3AANd9GcS9Zde21fi2AnY9_C17tqYi8DO25lRM_yAa7Q&usqp=CAU&fbclid=IwAR16g1ONptpUiKuDIt37LRxU3FTZck1cv9HDywe9VWxWSQBwcuGNfB7JUw4', NULL, NULL, NULL),
(173, 'linh218', 'linh220', '$pbkdf2-sha256$29000$b.09h/Ce0/r//1/rfU/pfQ$GFlNBkpmjJ9pu64fp3CNdSOvKEbRZmd/o5pewkkay3s', 'linh220@gmail.com', NULL, 'Nam', NULL, NULL, NULL, NULL, '127.0.0.1', '113.178.49.22', '2024-03-11 11:53:07', 0, 0, 'https://encrypted-tbn0.gstatic.com/images?q=tbn%3AANd9GcS9Zde21fi2AnY9_C17tqYi8DO25lRM_yAa7Q&usqp=CAU&fbclid=IwAR16g1ONptpUiKuDIt37LRxU3FTZck1cv9HDywe9VWxWSQBwcuGNfB7JUw4', NULL, NULL, NULL),
(175, 'linh230', 'linh230', '$pbkdf2-sha256$29000$pTQmpHRurTUGwJhTilGK0Q$s6GUdeJR0iO7nvC9M6TJe7EbKkkYMDk0OJSDYXxzyqo', 'linh230@gmail.com', NULL, 'Nam', NULL, NULL, NULL, NULL, '127.0.0.1', '113.178.49.22', '2024-03-11 11:55:59', 0, 0, 'https://encrypted-tbn0.gstatic.com/images?q=tbn%3AANd9GcS9Zde21fi2AnY9_C17tqYi8DO25lRM_yAa7Q&usqp=CAU&fbclid=IwAR16g1ONptpUiKuDIt37LRxU3FTZck1cv9HDywe9VWxWSQBwcuGNfB7JUw4', NULL, NULL, NULL),
(178, 'linh218', 'linh221', '$pbkdf2-sha256$29000$zBmjFAKgNGZMyTmHsPaeMw$XIIJfGb6295twNlCJ2WnsIqAxO1RE7qDsUUSbAkyvTg', 'linh221@gmail.com', NULL, 'Nam', NULL, NULL, NULL, NULL, '127.0.0.1', '113.178.49.22', '2024-03-11 15:30:39', 0, 0, 'https://encrypted-tbn0.gstatic.com/images?q=tbn%3AANd9GcS9Zde21fi2AnY9_C17tqYi8DO25lRM_yAa7Q&usqp=CAU&fbclid=IwAR16g1ONptpUiKuDIt37LRxU3FTZck1cv9HDywe9VWxWSQBwcuGNfB7JUw4', NULL, NULL, NULL),
(179, 'Nguyen Thi A', 'hahaha', '$pbkdf2-sha256$29000$rJXS2lsr5TwHAECIkVLq/Q$mMIj6MDUU2Zk8Us2J4PJR5XCke4xDZVbepWFqtIQaks', 'hahaha@gmail.com', NULL, 'Nữ', NULL, NULL, NULL, NULL, '127.0.0.1', '113.178.49.22', '2024-03-11 16:15:43', 1, 0, 'https://encrypted-tbn0.gstatic.com/images?q=tbn%3AANd9GcS9Zde21fi2AnY9_C17tqYi8DO25lRM_yAa7Q&usqp=CAU&fbclid=IwAR16g1ONptpUiKuDIt37LRxU3FTZck1cv9HDywe9VWxWSQBwcuGNfB7JUw4', NULL, NULL, NULL),
(180, 'testData', 'linh222', '$pbkdf2-sha256$29000$uHduzRmj9F4rJaQUgjDmvA$rMA29XS9fQCDcyMIoQJ9nuMIwvMTGHe8u3XjC2dRCKg', 'nguyenvanlinewretyyh11232113@gmail.com', '001', 'Nữ', '1997-05-13', '00:00:00', 24, NULL, '127.0.0.1', '113.178.49.22', '2024-03-11 16:23:18', 0, 0, 'https://encrypted-tbn0.gstatic.com/images?q=tbn%3AANd9GcS9Zde21fi2AnY9_C17tqYi8DO25lRM_yAa7Q&usqp=CAU&fbclid=IwAR16g1ONptpUiKuDIt37LRxU3FTZck1cv9HDywe9VWxWSQBwcuGNfB7JUw4', '', 'Hà Nội', 'Hà Nội'),
(181, 'Dương Ngọc Hùng', 'beokute', '$pbkdf2-sha256$29000$o1RqTSklhHBujfE.RyilFA$qTsPnqZrlOll8d4LjSdq0SG9O4urJWFYdaWf7EWpT/g', 'beokute@gmail.com', '', 'Nam', '2000-03-08', NULL, 56, NULL, '127.0.0.1', '123.16.198.5', '2024-03-12 02:36:30', 1, 0, 'https://encrypted-tbn0.gstatic.com/images?q=tbn%3AANd9GcS9Zde21fi2AnY9_C17tqYi8DO25lRM_yAa7Q&usqp=CAU&fbclid=IwAR16g1ONptpUiKuDIt37LRxU3FTZck1cv9HDywe9VWxWSQBwcuGNfB7JUw4', 'Dui dẻ dễ gần dễ mến đáng iu =]]', 'Hà Đông, Hà Nội', 'Thanh Hóa'),
(182, 'linh218', 'linh223', '$pbkdf2-sha256$29000$tlaKcU6pVYpxjjEGoJQyxg$0OjWKBu2RoV7/MFUjxjx6m7b0s6Lx.kC4E5TZABc22g', 'linh223@gmail.com', NULL, 'Nam', NULL, NULL, NULL, NULL, '127.0.0.1', '113.178.49.22', '2024-03-12 09:28:54', 0, 0, 'https://encrypted-tbn0.gstatic.com/images?q=tbn%3AANd9GcS9Zde21fi2AnY9_C17tqYi8DO25lRM_yAa7Q&usqp=CAU&fbclid=IwAR16g1ONptpUiKuDIt37LRxU3FTZck1cv9HDywe9VWxWSQBwcuGNfB7JUw4', NULL, NULL, NULL),
(183, 'linh224', 'linh224', '$pbkdf2-sha256$29000$onROSUkJAUAoJaR0zhnDOA$9tvFqQb0ClfjQXGM2YUB5mP59MKX/nv8utMdsIG0gSA', 'linh224@gmail.com', 'uig7ufqwcsz', 'Nam', '2024-03-12', '00:00:00', 24, NULL, '127.0.0.1', '113.178.49.22', '2024-03-12 10:28:27', 0, 0, 'https://encrypted-tbn0.gstatic.com/images?q=tbn%3AANd9GcS9Zde21fi2AnY9_C17tqYi8DO25lRM_yAa7Q&usqp=CAU&fbclid=IwAR16g1ONptpUiKuDIt37LRxU3FTZck1cv9HDywe9VWxWSQBwcuGNfB7JUw4', '7tr5ugy23', 'Hà Nội', 'Hà Nội'),
(184, 'linh225', 'linh225', '$pbkdf2-sha256$29000$CeEcQ2jN.X8PAcD4P.c8pw$18hLgtwd1x.ARUojdoKgmeve080msnlNmMqJamQlvBA', 'linh225@gmail.com', 'qwe', 'Nam', '2024-03-07', '00:00:00', 24, NULL, '127.0.0.1', '113.178.49.22', '2024-03-12 10:35:03', 0, 0, 'https://encrypted-tbn0.gstatic.com/images?q=tbn%3AANd9GcS9Zde21fi2AnY9_C17tqYi8DO25lRM_yAa7Q&usqp=CAU&fbclid=IwAR16g1ONptpUiKuDIt37LRxU3FTZck1cv9HDywe9VWxWSQBwcuGNfB7JUw4', 'Dư', 'Hà Nội', 'Hà Nội'),
(185, 'linh226', 'linh226', '$pbkdf2-sha256$29000$JOQcQ2itVQohxDinFCIkpA$rOeogaqX54jyGvkKkh3Z5SFNX.cl77LtaeBNEo6CTOs', 'linh226@gmail.com', '123', 'Nam', '2024-03-12', '00:00:00', 24, NULL, '127.0.0.1', '113.178.49.22', '2024-03-12 11:18:19', 0, 0, 'https://encrypted-tbn0.gstatic.com/images?q=tbn%3AANd9GcS9Zde21fi2AnY9_C17tqYi8DO25lRM_yAa7Q&usqp=CAU&fbclid=IwAR16g1ONptpUiKuDIt37LRxU3FTZck1cv9HDywe9VWxWSQBwcuGNfB7JUw4', '123', 'Hà Nội', 'Hà Nội'),
(186, 'linh227', 'linh227', '$pbkdf2-sha256$29000$IuTc./8fYywlxPi/l3Lu3Q$U1wnIJTE2fs0z5vIz2HxV23/yep.MWaWFnatytNUvIk', 'linh227@gmail.com', '123123123', 'Nam', '2024-03-12', '00:00:00', 24, NULL, '127.0.0.1', '113.178.49.22', '2024-03-12 11:44:39', 0, 0, 'https://encrypted-tbn0.gstatic.com/images?q=tbn%3AANd9GcS9Zde21fi2AnY9_C17tqYi8DO25lRM_yAa7Q&usqp=CAU&fbclid=IwAR16g1ONptpUiKuDIt37LRxU3FTZck1cv9HDywe9VWxWSQBwcuGNfB7JUw4', '123213', 'Hà Nội', 'Hà Nội'),
(187, 'toanvv', 'toan', '$pbkdf2-sha256$29000$qpUyhrC2llKqdQ5hrJVS6g$pT3yDPCzR8H1AiX.Zm5Ta5QxoEeRi88O1nr/HbJX8AY', 'vnntoan@gmail.com', '086218963', 'Nam', '2001-05-13', '00:00:00', 24, NULL, '127.0.0.1', '42.114.38.206', '2024-03-13 16:57:44', 1, 0, '2.jpg', NULL, NULL, NULL),
(188, 'linh228', 'linh228', '$pbkdf2-sha256$29000$n7MWQohxbo2x1lrrPWfMuQ$/e2asFQtIFp0uQ/pzQ99kBLC.D83fSZscaP7GiPrUv4', 'linh228@gmail.com', 'qwe', 'Nam', '2024-03-12', '00:00:00', 24, NULL, '127.0.0.1', '113.178.49.22', '2024-03-12 11:47:40', 0, 0, 'https://encrypted-tbn0.gstatic.com/images?q=tbn%3AANd9GcS9Zde21fi2AnY9_C17tqYi8DO25lRM_yAa7Q&usqp=CAU&fbclid=IwAR16g1ONptpUiKuDIt37LRxU3FTZck1cv9HDywe9VWxWSQBwcuGNfB7JUw4', 'Were we', 'Hà Nội', 'Hà Nội'),
(190, 'linh229', 'linh229', '$pbkdf2-sha256$29000$BoBQCqH0XiuFMMb4XwsBQA$WCw00FosMp9ZuSa1X7gnY5YXknQDVIRxAVfWh3iaM7M', 'linh229@gmail.com', '123123', 'Nam', '2024-03-12', '00:00:00', 24, NULL, '127.0.0.1', '113.178.49.22', '2024-03-12 11:55:05', 0, 0, 'https://encrypted-tbn0.gstatic.com/images?q=tbn%3AANd9GcS9Zde21fi2AnY9_C17tqYi8DO25lRM_yAa7Q&usqp=CAU&fbclid=IwAR16g1ONptpUiKuDIt37LRxU3FTZck1cv9HDywe9VWxWSQBwcuGNfB7JUw4', '12312', 'Hà Nội', 'Hà Nội'),
(191, 'linh231', 'linh231', '$pbkdf2-sha256$29000$7H1vLQVgbC2lNOZcS6mV8g$ZmqeHkVHKiKIZC8Ucf72yrdkjSRvUJgz3kDFWGZMtaA', 'linh231@gmail.com', '213', 'Nam', '2024-03-12', '00:00:00', 24, NULL, '127.0.0.1', '113.178.49.22', '2024-03-12 11:58:14', 0, 0, 'https://encrypted-tbn0.gstatic.com/images?q=tbn%3AANd9GcS9Zde21fi2AnY9_C17tqYi8DO25lRM_yAa7Q&usqp=CAU&fbclid=IwAR16g1ONptpUiKuDIt37LRxU3FTZck1cv9HDywe9VWxWSQBwcuGNfB7JUw4', '213123123', 'Hà Nội', 'Hà Nội'),
(192, 'linh232', 'linh232', '$pbkdf2-sha256$29000$v3dOaU3p3ftfy1nrvVeqlQ$k5ccPVjIJha9u3rN.RX4H73.dZbQ6UQjjEY6Am8BrP4', 'linh232@gmail.com', '123', 'Nam', '2024-03-12', '00:00:00', 24, NULL, '127.0.0.1', '113.178.49.22', '2024-03-12 13:09:16', 0, 0, 'https://i.ibb.co/tbHTHy9/b876bba9fe41.png', '1231', 'Hà Nội', 'Hà Nội'),
(195, 'linh235', 'linh235', '$pbkdf2-sha256$29000$x/ifk1LqnXMupdTau1cKIQ$901ez918K6CImUVoWjJlRSTu8CAb2n5CsoMgEoMAEpU', 'linh235@gmail.com', '123', 'Nam', '2024-03-12', '00:00:00', 24, NULL, '127.0.0.1', '113.178.49.22', '2024-03-12 17:11:13', 1, 0, 'https://encrypted-tbn0.gstatic.com/images?q=tbn%3AANd9GcS9Zde21fi2AnY9_C17tqYi8DO25lRM_yAa7Q&usqp=CAU&fbclid=IwAR16g1ONptpUiKuDIt37LRxU3FTZck1cv9HDywe9VWxWSQBwcuGNfB7JUw4', 'Linh1', 'Hà Nội', 'Hà Nội'),
(200, 'linh235', 'linh236', '$pbkdf2-sha256$29000$wngvRSjFmJOS0lrLWWttTQ$6UU2ZJCXs5lS40uKsP9bqtWsPaIFqvJmXMswnP8JwnI', 'linh236@gmail.com', NULL, 'Nam', NULL, NULL, NULL, NULL, '127.0.0.1', '113.178.49.22', '2024-03-12 17:07:46', 0, 0, 'https://encrypted-tbn0.gstatic.com/images?q=tbn%3AANd9GcS9Zde21fi2AnY9_C17tqYi8DO25lRM_yAa7Q&usqp=CAU&fbclid=IwAR16g1ONptpUiKuDIt37LRxU3FTZck1cv9HDywe9VWxWSQBwcuGNfB7JUw4', NULL, NULL, NULL),
(212, 'vantoanne', 'toantest', '$pbkdf2-sha256$29000$rLVWyjkHwDjn3JuTEgLAmA$lBBYkNhYfc4IivaRHztquLuZ41e6EH7Xt30kBb4l9K0', 'vntoan@gmail.com', NULL, 'Nam', NULL, NULL, NULL, NULL, '127.0.0.1', '42.114.38.206', '2024-03-13 23:30:41', 0, 0, 'https', NULL, NULL, NULL);

--
-- Chỉ mục cho các bảng đã đổ
--

--
-- Chỉ mục cho bảng `CommentFavorite`
--
ALTER TABLE `CommentFavorite`
  ADD PRIMARY KEY (`CommentFavoriteID`),
  ADD KEY `UserID` (`UserID`),
  ADD KEY `CommentID` (`CommentID`);

--
-- Chỉ mục cho bảng `CommentPhotos`
--
ALTER TABLE `CommentPhotos`
  ADD PRIMARY KEY (`PhotoID`),
  ADD KEY `CommentID` (`CommentID`);

--
-- Chỉ mục cho bảng `Favorite`
--
ALTER TABLE `Favorite`
  ADD PRIMARY KEY (`FavoriteID`),
  ADD KEY `UserID` (`UserID`),
  ADD KEY `PostID` (`PostID`);

--
-- Chỉ mục cho bảng `ForumPhotos`
--
ALTER TABLE `ForumPhotos`
  ADD PRIMARY KEY (`PhotoID`),
  ADD KEY `ForumPhotos_ibfk_1` (`PostID`);

--
-- Chỉ mục cho bảng `ForumPosts`
--
ALTER TABLE `ForumPosts`
  ADD PRIMARY KEY (`PostID`),
  ADD KEY `ForumPosts_ibfk_2` (`GroupID`),
  ADD KEY `ForumPosts_ibfk_1` (`UserID`);

--
-- Chỉ mục cho bảng `Groups`
--
ALTER TABLE `Groups`
  ADD PRIMARY KEY (`GroupID`),
  ADD UNIQUE KEY `GroupName` (`GroupName`),
  ADD KEY `UserID` (`UserID`);

--
-- Chỉ mục cho bảng `Locations`
--
ALTER TABLE `Locations`
  ADD PRIMARY KEY (`LocationID`),
  ADD KEY `UserID` (`UserID`);

--
-- Chỉ mục cho bảng `MessagePhotos`
--
ALTER TABLE `MessagePhotos`
  ADD PRIMARY KEY (`PhotoID`),
  ADD KEY `MessageID` (`MessageID`);

--
-- Chỉ mục cho bảng `Messages`
--
ALTER TABLE `Messages`
  ADD PRIMARY KEY (`MessageID`),
  ADD KEY `SenderID` (`SenderID`),
  ADD KEY `ReceiverID` (`ReceiverID`);

--
-- Chỉ mục cho bảng `PostComments`
--
ALTER TABLE `PostComments`
  ADD PRIMARY KEY (`CommentID`),
  ADD KEY `PostID` (`PostID`),
  ADD KEY `UserID` (`UserID`);

--
-- Chỉ mục cho bảng `Provinces`
--
ALTER TABLE `Provinces`
  ADD PRIMARY KEY (`ProvinceID`),
  ADD UNIQUE KEY `ProvinceName` (`ProvinceName`);

--
-- Chỉ mục cho bảng `Relationships`
--
ALTER TABLE `Relationships`
  ADD PRIMARY KEY (`RelationshipID`),
  ADD KEY `UserID` (`UserID`),
  ADD KEY `RelatedUserID` (`RelatedUserID`);

--
-- Chỉ mục cho bảng `UserPhotos`
--
ALTER TABLE `UserPhotos`
  ADD PRIMARY KEY (`PhotoID`),
  ADD KEY `UserID` (`UserID`);

--
-- Chỉ mục cho bảng `Users`
--
ALTER TABLE `Users`
  ADD PRIMARY KEY (`UserID`),
  ADD UNIQUE KEY `Username` (`Username`),
  ADD UNIQUE KEY `Email` (`Email`),
  ADD KEY `ProvinceID` (`ProvinceID`);

--
-- AUTO_INCREMENT cho các bảng đã đổ
--

--
-- AUTO_INCREMENT cho bảng `CommentFavorite`
--
ALTER TABLE `CommentFavorite`
  MODIFY `CommentFavoriteID` int NOT NULL AUTO_INCREMENT;

--
-- AUTO_INCREMENT cho bảng `CommentPhotos`
--
ALTER TABLE `CommentPhotos`
  MODIFY `PhotoID` int NOT NULL AUTO_INCREMENT, AUTO_INCREMENT=3;

--
-- AUTO_INCREMENT cho bảng `Favorite`
--
ALTER TABLE `Favorite`
  MODIFY `FavoriteID` int NOT NULL AUTO_INCREMENT;

--
-- AUTO_INCREMENT cho bảng `ForumPhotos`
--
ALTER TABLE `ForumPhotos`
  MODIFY `PhotoID` int NOT NULL AUTO_INCREMENT, AUTO_INCREMENT=62;

--
-- AUTO_INCREMENT cho bảng `ForumPosts`
--
ALTER TABLE `ForumPosts`
  MODIFY `PostID` int NOT NULL AUTO_INCREMENT, AUTO_INCREMENT=54;

--
-- AUTO_INCREMENT cho bảng `Groups`
--
ALTER TABLE `Groups`
  MODIFY `GroupID` int NOT NULL AUTO_INCREMENT, AUTO_INCREMENT=11;

--
-- AUTO_INCREMENT cho bảng `Locations`
--
ALTER TABLE `Locations`
  MODIFY `LocationID` int NOT NULL AUTO_INCREMENT, AUTO_INCREMENT=247;

--
-- AUTO_INCREMENT cho bảng `MessagePhotos`
--
ALTER TABLE `MessagePhotos`
  MODIFY `PhotoID` int NOT NULL AUTO_INCREMENT;

--
-- AUTO_INCREMENT cho bảng `Messages`
--
ALTER TABLE `Messages`
  MODIFY `MessageID` int NOT NULL AUTO_INCREMENT;

--
-- AUTO_INCREMENT cho bảng `PostComments`
--
ALTER TABLE `PostComments`
  MODIFY `CommentID` int NOT NULL AUTO_INCREMENT, AUTO_INCREMENT=3;

--
-- AUTO_INCREMENT cho bảng `Provinces`
--
ALTER TABLE `Provinces`
  MODIFY `ProvinceID` int NOT NULL AUTO_INCREMENT, AUTO_INCREMENT=64;

--
-- AUTO_INCREMENT cho bảng `Relationships`
--
ALTER TABLE `Relationships`
  MODIFY `RelationshipID` int NOT NULL AUTO_INCREMENT, AUTO_INCREMENT=9;

--
-- AUTO_INCREMENT cho bảng `UserPhotos`
--
ALTER TABLE `UserPhotos`
  MODIFY `PhotoID` int NOT NULL AUTO_INCREMENT, AUTO_INCREMENT=71;

--
-- AUTO_INCREMENT cho bảng `Users`
--
ALTER TABLE `Users`
  MODIFY `UserID` int NOT NULL AUTO_INCREMENT, AUTO_INCREMENT=213;

--
-- Các ràng buộc cho các bảng đã đổ
--

--
-- Các ràng buộc cho bảng `CommentFavorite`
--
ALTER TABLE `CommentFavorite`
  ADD CONSTRAINT `CommentFavorite_ibfk_1` FOREIGN KEY (`UserID`) REFERENCES `Users` (`UserID`),
  ADD CONSTRAINT `CommentFavorite_ibfk_2` FOREIGN KEY (`CommentID`) REFERENCES `PostComments` (`CommentID`);

--
-- Các ràng buộc cho bảng `CommentPhotos`
--
ALTER TABLE `CommentPhotos`
  ADD CONSTRAINT `CommentPhotos_ibfk_1` FOREIGN KEY (`CommentID`) REFERENCES `PostComments` (`CommentID`);

--
-- Các ràng buộc cho bảng `Favorite`
--
ALTER TABLE `Favorite`
  ADD CONSTRAINT `Favorite_ibfk_1` FOREIGN KEY (`UserID`) REFERENCES `Users` (`UserID`),
  ADD CONSTRAINT `Favorite_ibfk_2` FOREIGN KEY (`PostID`) REFERENCES `ForumPosts` (`PostID`);

--
-- Các ràng buộc cho bảng `ForumPhotos`
--
ALTER TABLE `ForumPhotos`
  ADD CONSTRAINT `ForumPhotos_ibfk_1` FOREIGN KEY (`PostID`) REFERENCES `ForumPosts` (`PostID`) ON DELETE CASCADE ON UPDATE CASCADE;

--
-- Các ràng buộc cho bảng `ForumPosts`
--
ALTER TABLE `ForumPosts`
  ADD CONSTRAINT `ForumPosts_ibfk_1` FOREIGN KEY (`UserID`) REFERENCES `Users` (`UserID`) ON DELETE CASCADE ON UPDATE CASCADE,
  ADD CONSTRAINT `ForumPosts_ibfk_2` FOREIGN KEY (`GroupID`) REFERENCES `Groups` (`GroupID`) ON DELETE CASCADE ON UPDATE CASCADE;

--
-- Các ràng buộc cho bảng `Groups`
--
ALTER TABLE `Groups`
  ADD CONSTRAINT `Groups_ibfk_1` FOREIGN KEY (`UserID`) REFERENCES `Users` (`UserID`);

--
-- Các ràng buộc cho bảng `Locations`
--
ALTER TABLE `Locations`
  ADD CONSTRAINT `Locations_ibfk_1` FOREIGN KEY (`UserID`) REFERENCES `Users` (`UserID`);

--
-- Các ràng buộc cho bảng `MessagePhotos`
--
ALTER TABLE `MessagePhotos`
  ADD CONSTRAINT `MessagePhotos_ibfk_1` FOREIGN KEY (`MessageID`) REFERENCES `Messages` (`MessageID`);

--
-- Các ràng buộc cho bảng `Messages`
--
ALTER TABLE `Messages`
  ADD CONSTRAINT `Messages_ibfk_1` FOREIGN KEY (`SenderID`) REFERENCES `Users` (`UserID`),
  ADD CONSTRAINT `Messages_ibfk_2` FOREIGN KEY (`ReceiverID`) REFERENCES `Users` (`UserID`);

--
-- Các ràng buộc cho bảng `PostComments`
--
ALTER TABLE `PostComments`
  ADD CONSTRAINT `PostComments_ibfk_1` FOREIGN KEY (`PostID`) REFERENCES `ForumPosts` (`PostID`),
  ADD CONSTRAINT `PostComments_ibfk_2` FOREIGN KEY (`UserID`) REFERENCES `Users` (`UserID`);

--
-- Các ràng buộc cho bảng `Relationships`
--
ALTER TABLE `Relationships`
  ADD CONSTRAINT `Relationships_ibfk_1` FOREIGN KEY (`UserID`) REFERENCES `Users` (`UserID`),
  ADD CONSTRAINT `Relationships_ibfk_2` FOREIGN KEY (`RelatedUserID`) REFERENCES `Users` (`UserID`);

--
-- Các ràng buộc cho bảng `UserPhotos`
--
ALTER TABLE `UserPhotos`
  ADD CONSTRAINT `UserPhotos_ibfk_1` FOREIGN KEY (`UserID`) REFERENCES `Users` (`UserID`);

--
-- Các ràng buộc cho bảng `Users`
--
ALTER TABLE `Users`
  ADD CONSTRAINT `Users_ibfk_1` FOREIGN KEY (`ProvinceID`) REFERENCES `Provinces` (`ProvinceID`);
COMMIT;

/*!40101 SET CHARACTER_SET_CLIENT=@OLD_CHARACTER_SET_CLIENT */;
/*!40101 SET CHARACTER_SET_RESULTS=@OLD_CHARACTER_SET_RESULTS */;
/*!40101 SET COLLATION_CONNECTION=@OLD_COLLATION_CONNECTION */;
